"../../../Engine/Plugins/2D/Paper2D/Content/PlaceholderTextures/DummySpriteTexture.ubulk" 0
"../../../Engine/Plugins/2D/Paper2D/Content/PlaceholderTextures/DummySpriteTexture.uasset" 1
"../../../Engine/Plugins/2D/Paper2D/Content/PlaceholderTextures/DummySpriteTexture.uexp" 2
"../../../Engine/Plugins/2D/Paper2D/Content/DummySprite.uasset" 3
"../../../Engine/Plugins/2D/Paper2D/Content/DummySprite.uexp" 4
"../../../Engine/Plugins/2D/Paper2D/Content/DefaultPaperTerrainMaterial.uasset" 5
"../../../Engine/Plugins/2D/Paper2D/Content/DefaultPaperTerrainMaterial.uexp" 6
"../../../Engine/Plugins/Animation/ACLPlugin/Content/ACLAnimBoneCompressionSettings.uasset" 7
"../../../Engine/Plugins/Animation/ACLPlugin/Content/ACLAnimBoneCompressionSettings.uexp" 8
"../../../Engine/Plugins/Animation/ACLPlugin/Content/ACLAnimCurveCompressionSettings.uasset" 9
"../../../Engine/Plugins/Animation/ACLPlugin/Content/ACLAnimCurveCompressionSettings.uexp" 10
"../../../Engine/Plugins/Interchange/Runtime/Content/Pipelines/DefaultMaterialPipeline.uasset" 11
"../../../Engine/Plugins/Interchange/Runtime/Content/Pipelines/DefaultMaterialPipeline.uexp" 12
"../../../Engine/Plugins/Interchange/Runtime/Content/Pipelines/DefaultMaterialXPipeline.uasset" 13
"../../../Engine/Plugins/Interchange/Runtime/Content/Pipelines/DefaultMaterialXPipeline.uexp" 14
"../../../Engine/Plugins/Interchange/Runtime/Content/Pipelines/DefaultSceneAssetsPipeline.uasset" 15
"../../../Engine/Plugins/Interchange/Runtime/Content/Pipelines/DefaultSceneAssetsPipeline.uexp" 16
"../../../Engine/Plugins/Interchange/Runtime/Content/Pipelines/DefaultSceneLevelPipeline.uasset" 17
"../../../Engine/Plugins/Interchange/Runtime/Content/Pipelines/DefaultSceneLevelPipeline.uexp" 18
"../../../Engine/Content/Animation/DefaultRecorderBoneCompression.uasset" 19
"../../../Engine/Content/Animation/DefaultRecorderBoneCompression.uexp" 20
"../../../Engine/Plugins/Interchange/Runtime/Content/Pipelines/DefaultTexturePipeline.uasset" 21
"../../../Engine/Plugins/Interchange/Runtime/Content/Pipelines/DefaultTexturePipeline.uexp" 22
"../../../Engine/Content/Animation/DefaultVariableFrameStrippingSettings.uasset" 23
"../../../Engine/Content/Animation/DefaultVariableFrameStrippingSettings.uexp" 24
"../../../Engine/Content/EngineFonts/Faces/DroidSansFallback.uexp" 25
"../../../Engine/Content/EngineFonts/Faces/DroidSansFallback.uasset" 26
"../../../Engine/Content/EngineFonts/Faces/DroidSansFallback.ufont" 27
"../../../Engine/Content/EngineFonts/Faces/RobotoBold.uexp" 28
"../../../Engine/Content/EngineFonts/Faces/RobotoBold.uasset" 29
"../../../Engine/Content/EngineFonts/Faces/RobotoBold.ufont" 30
"../../../Engine/Content/EngineFonts/Faces/RobotoBoldItalic.uexp" 31
"../../../Engine/Content/EngineFonts/Faces/RobotoBoldItalic.uasset" 32
"../../../Engine/Content/EngineFonts/Faces/RobotoBoldItalic.ufont" 33
"../../../Engine/Content/EngineFonts/Faces/RobotoItalic.uexp" 34
"../../../Engine/Content/EngineFonts/Faces/RobotoItalic.uasset" 35
"../../../Engine/Content/EngineFonts/Faces/RobotoItalic.ufont" 36
"../../../Engine/Content/EngineFonts/Faces/RobotoLight.uexp" 37
"../../../Engine/Content/EngineFonts/Faces/RobotoLight.uasset" 38
"../../../Engine/Content/EngineFonts/Faces/RobotoLight.ufont" 39
"../../../Engine/Content/EngineFonts/Faces/RobotoRegular.uexp" 40
"../../../Engine/Content/EngineFonts/Faces/RobotoRegular.uasset" 41
"../../../Engine/Content/EngineFonts/Faces/RobotoRegular.ufont" 42
"../../../Engine/Content/EngineFonts/Roboto.uasset" 43
"../../../Engine/Content/EngineFonts/Roboto.uexp" 44
"../../../Engine/Content/EngineMaterials/DefaultDestructiblePhysicalMaterial.uasset" 45
"../../../Engine/Content/EngineMaterials/DefaultDestructiblePhysicalMaterial.uexp" 46
"../../../Engine/Content/EngineMaterials/DefaultPhysicalMaterial.uasset" 47
"../../../Engine/Content/EngineMaterials/DefaultPhysicalMaterial.uexp" 48
"../../../Engine/Content/EngineSounds/Master.uasset" 49
"../../../Engine/Content/EngineSounds/Master.uexp" 50
"../../../Engine/Plugins/Animation/ControlRig/Content/Controls/DefaultGizmoLibraryNormalized.uasset" 51
"../../../Engine/Plugins/Animation/ControlRig/Content/Controls/DefaultGizmoLibraryNormalized.uexp" 52
"../../../Engine/Plugins/Interchange/Runtime/Content/Pipelines/DefaultAssetsPipeline.uasset" 53
"../../../Engine/Plugins/Interchange/Runtime/Content/Pipelines/DefaultAssetsPipeline.uexp" 54
"../../../Engine/Plugins/Interchange/Runtime/Content/Pipelines/DefaultAudioPipeline.uasset" 55
"../../../Engine/Plugins/Interchange/Runtime/Content/Pipelines/DefaultAudioPipeline.uexp" 56
"../../../Engine/Plugins/Interchange/Runtime/Content/Pipelines/DefaultGLTFAssetsPipeline.uasset" 57
"../../../Engine/Plugins/Interchange/Runtime/Content/Pipelines/DefaultGLTFAssetsPipeline.uexp" 58
"../../../Engine/Plugins/Interchange/Runtime/Content/Pipelines/DefaultGLTFPipeline.uasset" 59
"../../../Engine/Plugins/Interchange/Runtime/Content/Pipelines/DefaultGLTFPipeline.uexp" 60
"../../../Engine/Plugins/Interchange/Runtime/Content/Pipelines/DefaultGLTFSceneAssetsPipeline.uasset" 61
"../../../Engine/Plugins/Interchange/Runtime/Content/Pipelines/DefaultGLTFSceneAssetsPipeline.uexp" 62
"../../../Engine/Plugins/2D/Paper2D/Content/DefaultSpriteMaterial.uasset" 63
"../../../Engine/Plugins/2D/Paper2D/Content/DefaultSpriteMaterial.uexp" 64
"../../../Engine/Plugins/2D/Paper2D/Content/MaskedUnlitSpriteMaterial.uasset" 65
"../../../Engine/Plugins/2D/Paper2D/Content/MaskedUnlitSpriteMaterial.uexp" 66
"../../../Engine/Plugins/2D/Paper2D/Content/OpaqueUnlitSpriteMaterial.uasset" 67
"../../../Engine/Plugins/2D/Paper2D/Content/OpaqueUnlitSpriteMaterial.uexp" 68
"../../../Engine/Content/Functions/Engine_MaterialFunctions02/WorldPositionOffset/CameraOffset.uasset" 69
"../../../Engine/Content/Functions/Engine_MaterialFunctions02/WorldPositionOffset/CameraOffset.uexp" 70
"../../../Engine/Plugins/Animation/ControlRig/Content/M_Manip.uasset" 71
"../../../Engine/Plugins/Animation/ControlRig/Content/M_Manip.uexp" 72
"../../../Engine/Plugins/NNE/NNEDenoiser/Content/NNEDOM_Output_Alpha.uasset" 73
"../../../Engine/Plugins/NNE/NNEDenoiser/Content/NNEDOM_Output_Alpha.uexp" 74
"../../../Engine/Plugins/NNE/NNEDenoiser/Content/NNEDOM_Output_Default.uasset" 75
"../../../Engine/Plugins/NNE/NNEDenoiser/Content/NNEDOM_Output_Default.uexp" 76
"../../../Engine/Plugins/NNE/NNEDenoiser/Content/NNEDTIM_ColorAlbedoNormal_Alpha.uasset" 77
"../../../Engine/Plugins/NNE/NNEDenoiser/Content/NNEDTIM_ColorAlbedoNormal_Alpha.uexp" 78
"../../../Engine/Plugins/NNE/NNEDenoiser/Content/NNEDTIM_ColorAlbedoNormal_Default.uasset" 79
"../../../Engine/Plugins/NNE/NNEDenoiser/Content/NNEDTIM_ColorAlbedoNormal_Default.uexp" 80
"../../../Engine/Plugins/NNE/NNEDenoiser/Content/NNEDTOM_Output_Alpha.uasset" 81
"../../../Engine/Plugins/NNE/NNEDenoiser/Content/NNEDTOM_Output_Alpha.uexp" 82
"../../../Engine/Plugins/NNE/NNEDenoiser/Content/NNEDTOM_Output_Default.uasset" 83
"../../../Engine/Plugins/NNE/NNEDenoiser/Content/NNEDTOM_Output_Default.uexp" 84
"../../../Engine/Plugins/NNE/NNEDenoiser/Content/NNEDT_Oidn2-3_Balanced.uasset" 85
"../../../Engine/Plugins/NNE/NNEDenoiser/Content/NNEDT_Oidn2-3_Balanced.uexp" 86
"../../../Engine/Plugins/NNE/NNEDenoiser/Content/NNEDT_Oidn2-3_Balanced_Alpha.uasset" 87
"../../../Engine/Plugins/NNE/NNEDenoiser/Content/NNEDT_Oidn2-3_Balanced_Alpha.uexp" 88
"../../../Engine/Plugins/NNE/NNEDenoiser/Content/NNED_Oidn2-3_Balanced.uasset" 89
"../../../Engine/Plugins/NNE/NNEDenoiser/Content/NNED_Oidn2-3_Balanced.uexp" 90
"../../../Engine/Plugins/NNE/NNEDenoiser/Content/NNED_Oidn2-3_Balanced_Alpha.uasset" 91
"../../../Engine/Plugins/NNE/NNEDenoiser/Content/NNED_Oidn2-3_Balanced_Alpha.uexp" 92
"../../../Engine/Plugins/NNE/NNEDenoiser/Content/NNED_Oidn2-3_Fast.uasset" 93
"../../../Engine/Plugins/NNE/NNEDenoiser/Content/NNED_Oidn2-3_Fast.uexp" 94
"../../../Engine/Plugins/NNE/NNEDenoiser/Content/NNED_Oidn2-3_Fast_Alpha.uasset" 95
"../../../Engine/Plugins/NNE/NNEDenoiser/Content/NNED_Oidn2-3_Fast_Alpha.uexp" 96
"../../../Engine/Plugins/NNE/NNEDenoiser/Content/NNED_Oidn2-3_HighQuality.uasset" 97
"../../../Engine/Plugins/NNE/NNEDenoiser/Content/NNED_Oidn2-3_HighQuality.uexp" 98
"../../../Engine/Plugins/NNE/NNEDenoiser/Content/NNED_Oidn2-3_HighQuality_Alpha.uasset" 99
"../../../Engine/Plugins/NNE/NNEDenoiser/Content/NNED_Oidn2-3_HighQuality_Alpha.uexp" 100
"../../../Engine/Plugins/NNE/NNEDenoiser/Content/NNE_oidn2-3-0_rt_hdr_alb_nrm_small__dyn__fp16_opset11_DenoiseAlpha.uasset" 101
"../../../Engine/Plugins/NNE/NNEDenoiser/Content/NNE_oidn2-3-0_rt_hdr_alb_nrm_small__dyn__fp16_opset11_DenoiseAlpha.uexp" 102
"../../../Engine/Plugins/NNE/NNEDenoiser/Content/NNE_oidn2-3-0_rt_hdr_alb_nrm_small__dyn__fp16_opset11_ForwardAlpha.uasset" 103
"../../../Engine/Plugins/NNE/NNEDenoiser/Content/NNE_oidn2-3-0_rt_hdr_alb_nrm_small__dyn__fp16_opset11_ForwardAlpha.uexp" 104
"../../../Engine/Plugins/NNE/NNEDenoiser/Content/NNE_oidn2-3-0_rt_hdr_alb_nrm__dyn__fp16_opset11_DenoiseAlpha.uasset" 105
"../../../Engine/Plugins/NNE/NNEDenoiser/Content/NNE_oidn2-3-0_rt_hdr_alb_nrm__dyn__fp16_opset11_DenoiseAlpha.uexp" 106
"../../../Engine/Plugins/NNE/NNEDenoiser/Content/NNE_oidn2-3-0_rt_hdr_alb_nrm__dyn__fp16_opset11_ForwardAlpha.uasset" 107
"../../../Engine/Plugins/NNE/NNEDenoiser/Content/NNE_oidn2-3-0_rt_hdr_alb_nrm__dyn__fp16_opset11_ForwardAlpha.uexp" 108
"../../../Engine/Plugins/NNE/NNEDenoiser/Content/NNE_oidn2-3-0_rt_hdr_calb_cnrm_large__dyn__fp16_opset11_DenoiseAlpha.uasset" 109
"../../../Engine/Plugins/NNE/NNEDenoiser/Content/NNE_oidn2-3-0_rt_hdr_calb_cnrm_large__dyn__fp16_opset11_DenoiseAlpha.uexp" 110
"../../../Engine/Plugins/NNE/NNEDenoiser/Content/NNE_oidn2-3-0_rt_hdr_calb_cnrm_large__dyn__fp16_opset11_ForwardAlpha.uasset" 111
"../../../Engine/Plugins/NNE/NNEDenoiser/Content/NNE_oidn2-3-0_rt_hdr_calb_cnrm_large__dyn__fp16_opset11_ForwardAlpha.uexp" 112
"../../../Engine/Content/Functions/Engine_MaterialFunctions01/Opacity/CameraDepthFade.uasset" 113
"../../../Engine/Content/Functions/Engine_MaterialFunctions01/Opacity/CameraDepthFade.uexp" 114
"../../../Engine/Content/EngineMaterials/T_Default_Material_Grid_M.ubulk" 115
"../../../Engine/Content/EngineMaterials/T_Default_Material_Grid_M.uasset" 116
"../../../Engine/Content/EngineMaterials/T_Default_Material_Grid_M.uexp" 117
"../../../Engine/Content/EngineMaterials/T_Default_Material_Grid_N.ubulk" 118
"../../../Engine/Content/EngineMaterials/T_Default_Material_Grid_N.uasset" 119
"../../../Engine/Content/EngineMaterials/T_Default_Material_Grid_N.uexp" 120
"../../../Engine/Content/EngineMaterials/WorldGridMaterial.uasset" 121
"../../../Engine/Content/EngineMaterials/WorldGridMaterial.uexp" 122
"../../../Engine/Plugins/Media/MediaPlate/Content/SM_MediaPlateScreen.ubulk" 123
"../../../Engine/Plugins/Media/MediaPlate/Content/SM_MediaPlateScreen.uasset" 124
"../../../Engine/Plugins/Media/MediaPlate/Content/SM_MediaPlateScreen.uexp" 125
"../../../Engine/Plugins/NNE/NNEDenoiser/Content/NNEDIM_ColorAlbedoNormal_Alpha.uasset" 126
"../../../Engine/Plugins/NNE/NNEDenoiser/Content/NNEDIM_ColorAlbedoNormal_Alpha.uexp" 127
"../../../Engine/Plugins/NNE/NNEDenoiser/Content/NNEDIM_ColorAlbedoNormal_Default.uasset" 128
"../../../Engine/Plugins/NNE/NNEDenoiser/Content/NNEDIM_ColorAlbedoNormal_Default.uexp" 129
"../../../Engine/Plugins/NNE/NNEDenoiser/Content/NNEDIM_HighQuality_Alpha.uasset" 130
"../../../Engine/Plugins/NNE/NNEDenoiser/Content/NNEDIM_HighQuality_Alpha.uexp" 131
"../../../Engine/Plugins/NNE/NNEDenoiser/Content/NNEDIM_HighQuality_Default.uasset" 132
"../../../Engine/Plugins/NNE/NNEDenoiser/Content/NNEDIM_HighQuality_Default.uexp" 133
"../../../Engine/Content/EditorResources/S_Actor.ubulk" 134
"../../../Engine/Content/EditorResources/S_Actor.uasset" 135
"../../../Engine/Content/EditorResources/S_Actor.uexp" 136
"../../../Engine/Content/EditorLandscapeResources/DefaultAlphaTexture.uasset" 137
"../../../Engine/Content/EditorLandscapeResources/DefaultAlphaTexture.uexp" 138
"../../../Engine/Content/EditorLandscapeResources/ColorMaskBrushMaterial.uasset" 139
"../../../Engine/Content/EditorLandscapeResources/ColorMaskBrushMaterial.uexp" 140
"../../../Engine/Content/EditorLandscapeResources/ColorMaskBrushMaterial_MaskedRegion.uasset" 141
"../../../Engine/Content/EditorLandscapeResources/ColorMaskBrushMaterial_MaskedRegion.uexp" 142
"../../../Engine/Content/EditorResources/S_BoxReflectionCapture.uasset" 143
"../../../Engine/Content/EditorResources/S_BoxReflectionCapture.uexp" 144
"../../../Engine/Content/EditorLandscapeResources/LandscapeDirtyMaterial.uasset" 145
"../../../Engine/Content/EditorLandscapeResources/LandscapeDirtyMaterial.uexp" 146
"../../../Engine/Content/EngineMaterials/DefaultDiffuse.ubulk" 147
"../../../Engine/Content/EngineMaterials/DefaultDiffuse.uasset" 148
"../../../Engine/Content/EngineMaterials/DefaultDiffuse.uexp" 149
"../../../Engine/Content/Functions/Engine_MaterialFunctions01/Texturing/TextureCropping.uasset" 150
"../../../Engine/Content/Functions/Engine_MaterialFunctions01/Texturing/TextureCropping.uexp" 151
"../../../Engine/Content/Functions/Engine_MaterialFunctions02/ExampleContent/DebugNumberStrip.uasset" 152
"../../../Engine/Content/Functions/Engine_MaterialFunctions02/ExampleContent/DebugNumberStrip.uexp" 153
"../../../Engine/Content/Functions/Engine_MaterialFunctions01/Debug/DebugIntValues.uasset" 154
"../../../Engine/Content/Functions/Engine_MaterialFunctions01/Debug/DebugIntValues.uexp" 155
"../../../Engine/Content/Functions/Engine_MaterialFunctions02/Utility/BreakOutFloat2Components.uasset" 156
"../../../Engine/Content/Functions/Engine_MaterialFunctions02/Utility/BreakOutFloat2Components.uexp" 157
"../../../Engine/Content/Functions/Engine_MaterialFunctions01/Texturing/ScaleUVsByCenter.uasset" 158
"../../../Engine/Content/Functions/Engine_MaterialFunctions01/Texturing/ScaleUVsByCenter.uexp" 159
"../../../Engine/Content/Functions/Engine_MaterialFunctions02/WorldPositionOffset/LocalPosition.uasset" 160
"../../../Engine/Content/Functions/Engine_MaterialFunctions02/WorldPositionOffset/LocalPosition.uexp" 161
"../../../Engine/Content/EditorLandscapeResources/LandscapeLayerUsageMaterial.uasset" 162
"../../../Engine/Content/EditorLandscapeResources/LandscapeLayerUsageMaterial.uexp" 163
"../../../Engine/Content/EditorLandscapeResources/WhiteSquareTexture.uasset" 164
"../../../Engine/Content/EditorLandscapeResources/WhiteSquareTexture.uexp" 165
"../../../Engine/Content/EditorLandscapeResources/LayerVisMaterial.uasset" 166
"../../../Engine/Content/EditorLandscapeResources/LayerVisMaterial.uexp" 167
"../../../Engine/Content/Functions/Engine_MaterialFunctions02/Utility/MakeFloat3.uasset" 168
"../../../Engine/Content/Functions/Engine_MaterialFunctions02/Utility/MakeFloat3.uexp" 169
"../../../Engine/Content/Functions/Engine_MaterialFunctions03/Math/WithinRangeFloat2.uasset" 170
"../../../Engine/Content/Functions/Engine_MaterialFunctions03/Math/WithinRangeFloat2.uexp" 171
"../../../Engine/Content/EditorLandscapeResources/MaskBrushMaterial.uasset" 172
"../../../Engine/Content/EditorLandscapeResources/MaskBrushMaterial.uexp" 173
"../../../Engine/Content/EditorLandscapeResources/MaskBrushMaterial_MaskedRegion.uasset" 174
"../../../Engine/Content/EditorLandscapeResources/MaskBrushMaterial_MaskedRegion.uexp" 175
"../../../Engine/Content/EditorLandscapeResources/SelectBrushMaterial.uasset" 176
"../../../Engine/Content/EditorLandscapeResources/SelectBrushMaterial.uexp" 177
"../../../Engine/Content/EditorLandscapeResources/SelectBrushMaterial_Selected.uasset" 178
"../../../Engine/Content/EditorLandscapeResources/SelectBrushMaterial_Selected.uexp" 179
"../../../Engine/Content/EditorMaterials/PhAT_NoCollisionMaterial.uasset" 180
"../../../Engine/Content/EditorMaterials/PhAT_NoCollisionMaterial.uexp" 181
"../../../Engine/Content/EditorLandscapeResources/SelectBrushMaterial_SelectedRegion.uasset" 182
"../../../Engine/Content/EditorLandscapeResources/SelectBrushMaterial_SelectedRegion.uexp" 183
"../../../Engine/Content/EditorMaterials/PhAT_UnselectedMaterial.uasset" 184
"../../../Engine/Content/EditorMaterials/PhAT_UnselectedMaterial.uexp" 185
"../../../Engine/Content/EditorMaterials/PreviewShadowIndicator.ubulk" 186
"../../../Engine/Content/EditorMaterials/PreviewShadowIndicator.uasset" 187
"../../../Engine/Content/EditorMaterials/PreviewShadowIndicator.uexp" 188
"../../../Engine/Content/EditorMaterials/PreviewShadowIndicatorMaterial.uasset" 189
"../../../Engine/Content/EditorMaterials/PreviewShadowIndicatorMaterial.uexp" 190
"../../../Engine/Content/EditorLandscapeResources/SplineEditorMeshMat.uasset" 191
"../../../Engine/Content/EditorLandscapeResources/SplineEditorMeshMat.uexp" 192
"../../../Engine/Content/EditorLandscapeResources/SplineEditorMesh.ubulk" 193
"../../../Engine/Content/EditorLandscapeResources/SplineEditorMesh.uasset" 194
"../../../Engine/Content/EditorLandscapeResources/SplineEditorMesh.uexp" 195
"../../../Engine/Content/EngineResources/DefaultTextureCube.uasset" 196
"../../../Engine/Content/EngineResources/DefaultTextureCube.uexp" 197
"../../../Engine/Content/EngineResources/DefaultVolumeTexture2D.uasset" 198
"../../../Engine/Content/EngineResources/DefaultVolumeTexture2D.uexp" 199
"../../../Engine/Content/EngineResources/DefaultVolumeTexture.uasset" 200
"../../../Engine/Content/EngineResources/DefaultVolumeTexture.uexp" 201
"../../../Engine/Content/EngineMaterials/MiniFont.uasset" 202
"../../../Engine/Content/EngineMaterials/MiniFont.uexp" 203
"../../../Engine/Content/EngineMaterials/InvalidLightmapSettings.ubulk" 204
"../../../Engine/Content/EngineMaterials/InvalidLightmapSettings.uasset" 205
"../../../Engine/Content/EngineMaterials/InvalidLightmapSettings.uexp" 206
"../../../Engine/Content/EngineMaterials/M_InvalidLightmapSettings.uasset" 207
"../../../Engine/Content/EngineMaterials/M_InvalidLightmapSettings.uexp" 208
"../../../Engine/Content/EngineMaterials/NaniteHiddenSectionMaterial.uasset" 209
"../../../Engine/Content/EngineMaterials/NaniteHiddenSectionMaterial.uexp" 210
"../../../Engine/Content/EngineResources/GradientTexture0.uasset" 211
"../../../Engine/Content/EngineResources/GradientTexture0.uexp" 212
"../../../Engine/Content/EngineMaterials/PhAT_JointLimitMaterial.uasset" 213
"../../../Engine/Content/EngineMaterials/PhAT_JointLimitMaterial.uexp" 214
"../../../Engine/Content/EngineResources/LandscapeVisibilityLayerInfo.uasset" 215
"../../../Engine/Content/EngineResources/LandscapeVisibilityLayerInfo.uexp" 216
"../../../Engine/Content/EngineMaterials/DefaultCalibrationColor.uasset" 217
"../../../Engine/Content/EngineMaterials/DefaultCalibrationColor.uexp" 218
"../../../Engine/Content/EngineMaterials/PPM_DefaultCalibrationColor.uasset" 219
"../../../Engine/Content/EngineMaterials/PPM_DefaultCalibrationColor.uexp" 220
"../../../Engine/Content/EngineMaterials/DefaultCalibrationGrayscale.uasset" 221
"../../../Engine/Content/EngineMaterials/DefaultCalibrationGrayscale.uexp" 222
"../../../Engine/Content/EngineMaterials/PPM_DefaultCalibrationGrayscale.uasset" 223
"../../../Engine/Content/EngineMaterials/PPM_DefaultCalibrationGrayscale.uexp" 224
"../../../Engine/Content/EngineMaterials/PreintegratedSkinBRDF.uasset" 225
"../../../Engine/Content/EngineMaterials/PreintegratedSkinBRDF.uexp" 226
"../../../Engine/Content/EditorResources/S_Solver.ubulk" 227
"../../../Engine/Content/EditorResources/S_Solver.uasset" 228
"../../../Engine/Content/EditorResources/S_Solver.uexp" 229
"../../../Engine/Content/EngineMaterials/RemoveSurfaceMaterial.uasset" 230
"../../../Engine/Content/EngineMaterials/RemoveSurfaceMaterial.uexp" 231
"../../../Engine/Content/EditorResources/S_Terrain.ubulk" 232
"../../../Engine/Content/EditorResources/S_Terrain.uasset" 233
"../../../Engine/Content/EditorResources/S_Terrain.uexp" 234
"../../../Engine/Content/EngineMaterials/SMAAAreaTex.uasset" 235
"../../../Engine/Content/EngineMaterials/SMAAAreaTex.uexp" 236
"../../../Engine/Content/EngineMaterials/SMAASearchTex.uasset" 237
"../../../Engine/Content/EngineMaterials/SMAASearchTex.uexp" 238
"../../../Engine/Content/EditorResources/S_Trigger.ubulk" 239
"../../../Engine/Content/EditorResources/S_Trigger.uasset" 240
"../../../Engine/Content/EditorResources/S_Trigger.uexp" 241
"../../../Engine/Content/EditorResources/S_TriggerBox.uasset" 242
"../../../Engine/Content/EditorResources/S_TriggerBox.uexp" 243
"../../../Engine/Content/EditorResources/S_TriggerCapsule.uasset" 244
"../../../Engine/Content/EditorResources/S_TriggerCapsule.uexp" 245
"../../../Engine/Plugins/Animation/ControlRig/Content/Controls/ControlRig_Square_1mm.ubulk" 246
"../../../Engine/Plugins/Animation/ControlRig/Content/Controls/ControlRig_Square_1mm.uasset" 247
"../../../Engine/Plugins/Animation/ControlRig/Content/Controls/ControlRig_Square_1mm.uexp" 248
"../../../Engine/Content/EditorResources/S_TriggerSphere.uasset" 249
"../../../Engine/Content/EditorResources/S_TriggerSphere.uexp" 250
"../../../Engine/Plugins/Animation/ControlRig/Content/Controls/ControlRig_Square_3mm.ubulk" 251
"../../../Engine/Plugins/Animation/ControlRig/Content/Controls/ControlRig_Square_3mm.uasset" 252
"../../../Engine/Plugins/Animation/ControlRig/Content/Controls/ControlRig_Square_3mm.uexp" 253
"../../../Engine/Plugins/Animation/ControlRig/Content/Controls/ControlRig_Square_solid.ubulk" 254
"../../../Engine/Plugins/Animation/ControlRig/Content/Controls/ControlRig_Square_solid.uasset" 255
"../../../Engine/Plugins/Animation/ControlRig/Content/Controls/ControlRig_Square_solid.uexp" 256
"../../../Engine/Plugins/Animation/ControlRig/Content/Controls/ControlRig_Star4_1mm.ubulk" 257
"../../../Engine/Plugins/Animation/ControlRig/Content/Controls/ControlRig_Star4_1mm.uasset" 258
"../../../Engine/Plugins/Animation/ControlRig/Content/Controls/ControlRig_Star4_1mm.uexp" 259
"../../../Engine/Plugins/Animation/ControlRig/Content/Controls/ControlRig_Star4_3mm.ubulk" 260
"../../../Engine/Plugins/Animation/ControlRig/Content/Controls/ControlRig_Star4_3mm.uasset" 261
"../../../Engine/Plugins/Animation/ControlRig/Content/Controls/ControlRig_Star4_3mm.uexp" 262
"../../../Engine/Plugins/Animation/ControlRig/Content/Controls/ControlRig_Star4_solid.ubulk" 263
"../../../Engine/Plugins/Animation/ControlRig/Content/Controls/ControlRig_Star4_solid.uasset" 264
"../../../Engine/Plugins/Animation/ControlRig/Content/Controls/ControlRig_Star4_solid.uexp" 265
"../../../Engine/Content/EngineMaterials/WeightMapPlaceholderTexture.uasset" 266
"../../../Engine/Content/EngineMaterials/WeightMapPlaceholderTexture.uexp" 267
"../../../Engine/Content/EngineMaterials/WeightMapArrayPlaceholderTexture.uasset" 268
"../../../Engine/Content/EngineMaterials/WeightMapArrayPlaceholderTexture.uexp" 269
"../../../Engine/Plugins/Animation/ControlRig/Content/Controls/ControlRig_Triangle_1mm.ubulk" 270
"../../../Engine/Plugins/Animation/ControlRig/Content/Controls/ControlRig_Triangle_1mm.uasset" 271
"../../../Engine/Plugins/Animation/ControlRig/Content/Controls/ControlRig_Triangle_1mm.uexp" 272
"../../../Engine/Content/Functions/Engine_MaterialFunctions02/Utility/BreakOutFloat3Components.uasset" 273
"../../../Engine/Content/Functions/Engine_MaterialFunctions02/Utility/BreakOutFloat3Components.uexp" 274
"../../../Engine/Content/Functions/Engine_MaterialFunctions02/Math/Transform3x3Matrix.uasset" 275
"../../../Engine/Content/Functions/Engine_MaterialFunctions02/Math/Transform3x3Matrix.uexp" 276
"../../../Engine/Content/Functions/Engine_MaterialFunctions02/SplitComponents.uasset" 277
"../../../Engine/Content/Functions/Engine_MaterialFunctions02/SplitComponents.uexp" 278
"../../../Engine/Content/VREditor/SnapGrid/SnapGridMaterial.uasset" 279
"../../../Engine/Content/VREditor/SnapGrid/SnapGridMaterial.uexp" 280
"../../../Engine/Content/VREditor/SnapGrid/SnapGridPlaneMesh.ubulk" 281
"../../../Engine/Content/VREditor/SnapGrid/SnapGridPlaneMesh.uasset" 282
"../../../Engine/Content/VREditor/SnapGrid/SnapGridPlaneMesh.uexp" 283
"../../../Engine/Content/VREditor/LaserPointer/VR_LaserPower_01.ubulk" 284
"../../../Engine/Content/VREditor/LaserPointer/VR_LaserPower_01.uasset" 285
"../../../Engine/Content/VREditor/LaserPointer/VR_LaserPower_01.uexp" 286
"../../../Engine/Content/VREditor/TransformGizmo/TransformGizmoMaterial.uasset" 287
"../../../Engine/Content/VREditor/TransformGizmo/TransformGizmoMaterial.uexp" 288
"../../../Engine/Content/VREditor/TransformGizmo/TranslucentTransformGizmoMaterial.uasset" 289
"../../../Engine/Content/VREditor/TransformGizmo/TranslucentTransformGizmoMaterial.uexp" 290
"../../../Engine/Content/VREditor/TransformGizmo/PlaneTranslationHandle.ubulk" 291
"../../../Engine/Content/VREditor/TransformGizmo/PlaneTranslationHandle.uasset" 292
"../../../Engine/Content/VREditor/TransformGizmo/PlaneTranslationHandle.uexp" 293
"../../../Engine/Content/VREditor/TransformGizmo/RotationHandleFull.ubulk" 294
"../../../Engine/Content/VREditor/TransformGizmo/RotationHandleFull.uasset" 295
"../../../Engine/Content/VREditor/TransformGizmo/RotationHandleFull.uexp" 296
"../../../Engine/Content/VREditor/TransformGizmo/RotationHandleIndicator.ubulk" 297
"../../../Engine/Content/VREditor/TransformGizmo/RotationHandleIndicator.uasset" 298
"../../../Engine/Content/VREditor/TransformGizmo/RotationHandleIndicator.uexp" 299
"../../../Engine/Content/VREditor/TransformGizmo/RotationHandleQuarter.ubulk" 300
"../../../Engine/Content/VREditor/TransformGizmo/RotationHandleQuarter.uasset" 301
"../../../Engine/Content/VREditor/TransformGizmo/RotationHandleQuarter.uexp" 302
"../../../Engine/Content/VREditor/TransformGizmo/StartRotationHandleIndicator.ubulk" 303
"../../../Engine/Content/VREditor/TransformGizmo/StartRotationHandleIndicator.uasset" 304
"../../../Engine/Content/VREditor/TransformGizmo/StartRotationHandleIndicator.uexp" 305
"../../../Engine/Content/VREditor/TransformGizmo/TranslucentTransformGizmoMaterial_Inst.uasset" 306
"../../../Engine/Content/VREditor/TransformGizmo/TranslucentTransformGizmoMaterial_Inst.uexp" 307
"../../../Engine/Content/VREditor/TransformGizmo/TransformGizmoFreeRotation.ubulk" 308
"../../../Engine/Content/VREditor/TransformGizmo/TransformGizmoFreeRotation.uasset" 309
"../../../Engine/Content/VREditor/TransformGizmo/TransformGizmoFreeRotation.uexp" 310
"../../../Engine/Content/VREditor/TransformGizmo/TransformGizmoMaterial_Inst.uasset" 311
"../../../Engine/Content/VREditor/TransformGizmo/TransformGizmoMaterial_Inst.uexp" 312
"../../../Engine/Content/VREditor/TransformGizmo/TranslateArrowHandle.ubulk" 313
"../../../Engine/Content/VREditor/TransformGizmo/TranslateArrowHandle.uasset" 314
"../../../Engine/Content/VREditor/TransformGizmo/TranslateArrowHandle.uexp" 315
"../../../Engine/Content/VREditor/TransformGizmo/UniformScaleHandle.ubulk" 316
"../../../Engine/Content/VREditor/TransformGizmo/UniformScaleHandle.uasset" 317
"../../../Engine/Content/VREditor/TransformGizmo/UniformScaleHandle.uexp" 318
"../../../Engine/Content/VREditor/Sounds/UI/Drop_Item_From_ContentBrowser.ubulk" 319
"../../../Engine/Content/VREditor/Sounds/UI/Drop_Item_From_ContentBrowser.uasset" 320
"../../../Engine/Content/VREditor/Sounds/UI/Drop_Item_From_ContentBrowser.uexp" 321
"../../../Engine/Content/VREditor/Sounds/UI/Gizmo_Handle_Clicked.ubulk" 322
"../../../Engine/Content/VREditor/Sounds/UI/Gizmo_Handle_Clicked.uasset" 323
"../../../Engine/Content/VREditor/Sounds/UI/Gizmo_Handle_Clicked.uexp" 324
"../../../Engine/Content/VREditor/Sounds/UI/Object_PickUp.ubulk" 325
"../../../Engine/Content/VREditor/Sounds/UI/Object_PickUp.uasset" 326
"../../../Engine/Content/VREditor/Sounds/UI/Object_PickUp.uexp" 327
"../../../Engine/Content/VREditor/Sounds/UI/Object_Snaps_To_Another_Actor.ubulk" 328
"../../../Engine/Content/VREditor/Sounds/UI/Object_Snaps_To_Another_Actor.uasset" 329
"../../../Engine/Content/VREditor/Sounds/UI/Object_Snaps_To_Another_Actor.uexp" 330
"../../../Engine/Content/VREditor/Sounds/UI/Object_Snaps_To_Grid.ubulk" 331
"../../../Engine/Content/VREditor/Sounds/UI/Object_Snaps_To_Grid.uasset" 332
"../../../Engine/Content/VREditor/Sounds/UI/Object_Snaps_To_Grid.uexp" 333
"../../../Engine/Content/VREditor/Sounds/UI/Scaling_Down.ubulk" 334
"../../../Engine/Content/VREditor/Sounds/UI/Scaling_Down.uasset" 335
"../../../Engine/Content/VREditor/Sounds/UI/Scaling_Down.uexp" 336
"../../../Engine/Content/VREditor/Sounds/UI/Scaling_Up.ubulk" 337
"../../../Engine/Content/VREditor/Sounds/UI/Scaling_Up.uasset" 338
"../../../Engine/Content/VREditor/Sounds/UI/Scaling_Up.uexp" 339
"../../../Engine/Content/VREditor/Sounds/UI/Selection_Changes.ubulk" 340
"../../../Engine/Content/VREditor/Sounds/UI/Selection_Changes.uasset" 341
"../../../Engine/Content/VREditor/Sounds/UI/Selection_Changes.uexp" 342
"../../../Engine/Plugins/Animation/ControlRig/Content/Controls/ControlRig_Triangle_3mm.ubulk" 343
"../../../Engine/Plugins/Animation/ControlRig/Content/Controls/ControlRig_Triangle_3mm.uasset" 344
"../../../Engine/Plugins/Animation/ControlRig/Content/Controls/ControlRig_Triangle_3mm.uexp" 345
"../../../Engine/Content/EngineResources/WhiteSquareTexture.uasset" 346
"../../../Engine/Content/EngineResources/WhiteSquareTexture.uexp" 347
"../../../Engine/Content/EngineMaterials/Widget3DPassThrough.uasset" 348
"../../../Engine/Content/EngineMaterials/Widget3DPassThrough.uexp" 349
"../../../Engine/Content/EngineMaterials/Widget3DPassThrough_Masked.uasset" 350
"../../../Engine/Content/EngineMaterials/Widget3DPassThrough_Masked.uexp" 351
"../../../Engine/Plugins/Animation/ControlRig/Content/Controls/ControlRig_Triangle_solid.ubulk" 352
"../../../Engine/Plugins/Animation/ControlRig/Content/Controls/ControlRig_Triangle_solid.uasset" 353
"../../../Engine/Plugins/Animation/ControlRig/Content/Controls/ControlRig_Triangle_solid.uexp" 354
"../../../Engine/Content/EngineMaterials/Widget3DPassThrough_Opaque.uasset" 355
"../../../Engine/Content/EngineMaterials/Widget3DPassThrough_Opaque.uexp" 356
"../../../Engine/Content/EngineMaterials/Widget3DPassThrough_Masked_OneSided.uasset" 357
"../../../Engine/Content/EngineMaterials/Widget3DPassThrough_Masked_OneSided.uexp" 358
"../../../Engine/Plugins/Animation/ControlRig/Content/Controls/ControlRig_Wedge_1mm.ubulk" 359
"../../../Engine/Plugins/Animation/ControlRig/Content/Controls/ControlRig_Wedge_1mm.uasset" 360
"../../../Engine/Plugins/Animation/ControlRig/Content/Controls/ControlRig_Wedge_1mm.uexp" 361
"../../../Engine/Content/EngineMaterials/Widget3DPassThrough_Opaque_OneSided.uasset" 362
"../../../Engine/Content/EngineMaterials/Widget3DPassThrough_Opaque_OneSided.uexp" 363
"../../../Engine/Content/EngineMaterials/DefaultBloomKernel.uasset" 364
"../../../Engine/Content/EngineMaterials/DefaultBloomKernel.uexp" 365
"../../../Engine/Content/EngineMaterials/Widget3DPassThrough_Translucent.uasset" 366
"../../../Engine/Content/EngineMaterials/Widget3DPassThrough_Translucent.uexp" 367
"../../../Engine/Content/EngineMaterials/Widget3DPassThrough_Translucent_OneSided.uasset" 368
"../../../Engine/Content/EngineMaterials/Widget3DPassThrough_Translucent_OneSided.uexp" 369
"../../../Engine/Plugins/Animation/ControlRig/Content/Controls/ControlRig_Wedge_3mm.ubulk" 370
"../../../Engine/Plugins/Animation/ControlRig/Content/Controls/ControlRig_Wedge_3mm.uasset" 371
"../../../Engine/Plugins/Animation/ControlRig/Content/Controls/ControlRig_Wedge_3mm.uexp" 372
"../../../Engine/Plugins/Animation/ControlRig/Content/Controls/ControlRigGizmoMaterial.uasset" 373
"../../../Engine/Plugins/Animation/ControlRig/Content/Controls/ControlRigGizmoMaterial.uexp" 374
"../../../Engine/Content/EngineMaterials/DefaultBokeh.uasset" 375
"../../../Engine/Content/EngineMaterials/DefaultBokeh.uexp" 376
"../../../Engine/Content/EngineDamageTypes/DmgTypeBP_Environmental.uasset" 377
"../../../Engine/Content/EngineDamageTypes/DmgTypeBP_Environmental.uexp" 378
"../../../Engine/Plugins/Animation/ControlRig/Content/Controls/ControlRigXRayMaterial.uasset" 379
"../../../Engine/Plugins/Animation/ControlRig/Content/Controls/ControlRigXRayMaterial.uexp" 380
"../../../Engine/Plugins/Animation/ControlRig/Content/Controls/ControlRig_Wedge_solid.ubulk" 381
"../../../Engine/Plugins/Animation/ControlRig/Content/Controls/ControlRig_Wedge_solid.uasset" 382
"../../../Engine/Plugins/Animation/ControlRig/Content/Controls/ControlRig_Wedge_solid.uexp" 383
"../../../Engine/Plugins/Animation/ControlRig/Content/Controls/ControlRig_Arrow2_1mm.ubulk" 384
"../../../Engine/Plugins/Animation/ControlRig/Content/Controls/ControlRig_Arrow2_1mm.uasset" 385
"../../../Engine/Plugins/Animation/ControlRig/Content/Controls/ControlRig_Arrow2_1mm.uexp" 386
"../../../Engine/Content/EditorResources/BSPVertex.uasset" 387
"../../../Engine/Content/EditorResources/BSPVertex.uexp" 388
"../../../Engine/Plugins/Animation/ControlRig/Content/Controls/ControlRig_Arrow2_3mm.ubulk" 389
"../../../Engine/Plugins/Animation/ControlRig/Content/Controls/ControlRig_Arrow2_3mm.uasset" 390
"../../../Engine/Plugins/Animation/ControlRig/Content/Controls/ControlRig_Arrow2_3mm.uexp" 391
"../../../Engine/Content/Functions/Engine_MaterialFunctions02/Utility/VectorLength.uasset" 392
"../../../Engine/Content/Functions/Engine_MaterialFunctions02/Utility/VectorLength.uexp" 393
"../../../Engine/Content/Functions/Engine_MaterialFunctions02/Utility/CameraDirectionVector.uasset" 394
"../../../Engine/Content/Functions/Engine_MaterialFunctions02/Utility/CameraDirectionVector.uexp" 395
"../../../Engine/Plugins/Experimental/MeshModelingToolsetExp/Content/Materials/GetDisplacementVectorForDepthBias.uasset" 396
"../../../Engine/Plugins/Experimental/MeshModelingToolsetExp/Content/Materials/GetDisplacementVectorForDepthBias.uexp" 397
"../../../Engine/Content/Functions/Engine_MaterialFunctions03/Viewport/MF_OrthoWidth.uasset" 398
"../../../Engine/Content/Functions/Engine_MaterialFunctions03/Viewport/MF_OrthoWidth.uexp" 399
"../../../Engine/Content/Functions/Engine_MaterialFunctions02/Utility/FOV.uasset" 400
"../../../Engine/Content/Functions/Engine_MaterialFunctions02/Utility/FOV.uexp" 401
"../../../Engine/Content/Functions/Engine_MaterialFunctions02/WorldPositionOffset/V2/ObjectScale.uasset" 402
"../../../Engine/Content/Functions/Engine_MaterialFunctions02/WorldPositionOffset/V2/ObjectScale.uexp" 403
"../../../Engine/Plugins/Experimental/MeshModelingToolsetExp/Content/Materials/PointSetOverlaidComponentMaterial.uasset" 404
"../../../Engine/Plugins/Experimental/MeshModelingToolsetExp/Content/Materials/PointSetOverlaidComponentMaterial.uexp" 405
"../../../Engine/Content/EngineMaterials/DefaultDeferredDecalMaterial.uasset" 406
"../../../Engine/Content/EngineMaterials/DefaultDeferredDecalMaterial.uexp" 407
"../../../Engine/Plugins/Animation/ControlRig/Content/Controls/ControlRig_Arrow2_solid.ubulk" 408
"../../../Engine/Plugins/Animation/ControlRig/Content/Controls/ControlRig_Arrow2_solid.uasset" 409
"../../../Engine/Plugins/Animation/ControlRig/Content/Controls/ControlRig_Arrow2_solid.uexp" 410
"../../../Engine/Plugins/Animation/ControlRig/Content/Controls/ControlRig_Arrow4_1mm.ubulk" 411
"../../../Engine/Plugins/Animation/ControlRig/Content/Controls/ControlRig_Arrow4_1mm.uasset" 412
"../../../Engine/Plugins/Animation/ControlRig/Content/Controls/ControlRig_Arrow4_1mm.uexp" 413
"../../../Engine/Plugins/Animation/ControlRig/Content/Controls/ControlRig_Arrow4_3mm.ubulk" 414
"../../../Engine/Plugins/Animation/ControlRig/Content/Controls/ControlRig_Arrow4_3mm.uasset" 415
"../../../Engine/Plugins/Animation/ControlRig/Content/Controls/ControlRig_Arrow4_3mm.uexp" 416
"../../../Engine/Content/EngineMaterials/DefaultLightFunctionMaterial.uasset" 417
"../../../Engine/Content/EngineMaterials/DefaultLightFunctionMaterial.uexp" 418
"../../../Engine/Plugins/Animation/ControlRig/Content/Controls/ControlRig_Arrow4_solid.ubulk" 419
"../../../Engine/Plugins/Animation/ControlRig/Content/Controls/ControlRig_Arrow4_solid.uasset" 420
"../../../Engine/Plugins/Animation/ControlRig/Content/Controls/ControlRig_Arrow4_solid.uexp" 421
"../../../Engine/Content/EngineDebugMaterials/DebugEditorMaterial.uasset" 422
"../../../Engine/Content/EngineDebugMaterials/DebugEditorMaterial.uexp" 423
"../../../Engine/Plugins/Animation/ControlRig/Content/Controls/ControlRig_Arrow_1mm.ubulk" 424
"../../../Engine/Plugins/Animation/ControlRig/Content/Controls/ControlRig_Arrow_1mm.uasset" 425
"../../../Engine/Plugins/Animation/ControlRig/Content/Controls/ControlRig_Arrow_1mm.uexp" 426
"../../../Engine/Content/EngineDebugMaterials/DebugMeshMaterial.uasset" 427
"../../../Engine/Content/EngineDebugMaterials/DebugMeshMaterial.uexp" 428
"../../../Engine/Plugins/Animation/ControlRig/Content/Controls/ControlRig_Arrow_3mm.ubulk" 429
"../../../Engine/Plugins/Animation/ControlRig/Content/Controls/ControlRig_Arrow_3mm.uasset" 430
"../../../Engine/Plugins/Animation/ControlRig/Content/Controls/ControlRig_Arrow_3mm.uexp" 431
"../../../Engine/Plugins/Animation/ControlRig/Content/Controls/ControlRig_Arrow_solid.ubulk" 432
"../../../Engine/Plugins/Animation/ControlRig/Content/Controls/ControlRig_Arrow_solid.uasset" 433
"../../../Engine/Plugins/Animation/ControlRig/Content/Controls/ControlRig_Arrow_solid.uexp" 434
"../../../Engine/Content/EngineMeshes/Sphere.ubulk" 435
"../../../Engine/Content/EngineMeshes/Sphere.uasset" 436
"../../../Engine/Content/EngineMeshes/Sphere.uexp" 437
"../../../Engine/Content/EngineMaterials/DefaultPostProcessMaterial.uasset" 438
"../../../Engine/Content/EngineMaterials/DefaultPostProcessMaterial.uexp" 439
"../../../Engine/Content/EngineFonts/RobotoDistanceField.uasset" 440
"../../../Engine/Content/EngineFonts/RobotoDistanceField.uexp" 441
"../../../Engine/Content/EngineMaterials/DefaultTextMaterialOpaque.uasset" 442
"../../../Engine/Content/EngineMaterials/DefaultTextMaterialOpaque.uexp" 443
"../../../Engine/Plugins/Animation/ControlRig/Content/Controls/ControlRig_Box_1mm.ubulk" 444
"../../../Engine/Plugins/Animation/ControlRig/Content/Controls/ControlRig_Box_1mm.uasset" 445
"../../../Engine/Plugins/Animation/ControlRig/Content/Controls/ControlRig_Box_1mm.uexp" 446
"../../../Engine/Content/EngineMaterials/DefaultWhiteGrid.ubulk" 447
"../../../Engine/Content/EngineMaterials/DefaultWhiteGrid.uasset" 448
"../../../Engine/Content/EngineMaterials/DefaultWhiteGrid.uexp" 449
"../../../Engine/Plugins/Animation/ControlRig/Content/Controls/ControlRig_Box_3mm.ubulk" 450
"../../../Engine/Plugins/Animation/ControlRig/Content/Controls/ControlRig_Box_3mm.uasset" 451
"../../../Engine/Plugins/Animation/ControlRig/Content/Controls/ControlRig_Box_3mm.uexp" 452
"../../../Engine/Plugins/Animation/ControlRig/Content/Controls/ControlRig_Box_solid.ubulk" 453
"../../../Engine/Plugins/Animation/ControlRig/Content/Controls/ControlRig_Box_solid.uasset" 454
"../../../Engine/Plugins/Animation/ControlRig/Content/Controls/ControlRig_Box_solid.uexp" 455
"../../../Engine/Content/EngineMaterials/DefaultWhiteGrid_Low.uasset" 456
"../../../Engine/Content/EngineMaterials/DefaultWhiteGrid_Low.uexp" 457
"../../../Engine/Content/EngineMaterials/EmissiveMeshMaterial.uasset" 458
"../../../Engine/Content/EngineMaterials/EmissiveMeshMaterial.uexp" 459
"../../../Engine/Plugins/Animation/ControlRig/Content/Controls/ControlRig_Circle_1mm.ubulk" 460
"../../../Engine/Plugins/Animation/ControlRig/Content/Controls/ControlRig_Circle_1mm.uasset" 461
"../../../Engine/Plugins/Animation/ControlRig/Content/Controls/ControlRig_Circle_1mm.uexp" 462
"../../../Engine/Plugins/Animation/ControlRig/Content/Controls/ControlRig_Circle_3mm.ubulk" 463
"../../../Engine/Plugins/Animation/ControlRig/Content/Controls/ControlRig_Circle_3mm.uasset" 464
"../../../Engine/Plugins/Animation/ControlRig/Content/Controls/ControlRig_Circle_3mm.uexp" 465
"../../../Engine/Plugins/Animation/ControlRig/Content/Controls/ControlRig_Circle_solid.ubulk" 466
"../../../Engine/Plugins/Animation/ControlRig/Content/Controls/ControlRig_Circle_solid.uasset" 467
"../../../Engine/Plugins/Animation/ControlRig/Content/Controls/ControlRig_Circle_solid.uexp" 468
"../../../Engine/Content/EngineMaterials/FastBlueNoise_scalar_128x128x64.uasset" 469
"../../../Engine/Content/EngineMaterials/FastBlueNoise_scalar_128x128x64.uexp" 470
"../../../Engine/Plugins/Animation/ControlRig/Content/Controls/ControlRig_Diamond_1mm.ubulk" 471
"../../../Engine/Plugins/Animation/ControlRig/Content/Controls/ControlRig_Diamond_1mm.uasset" 472
"../../../Engine/Plugins/Animation/ControlRig/Content/Controls/ControlRig_Diamond_1mm.uexp" 473
"../../../Engine/Content/EngineMaterials/FastBlueNoise_scalar_128x128x8.uasset" 474
"../../../Engine/Content/EngineMaterials/FastBlueNoise_scalar_128x128x8.uexp" 475
"../../../Engine/Content/EngineResources/Black.uasset" 476
"../../../Engine/Content/EngineResources/Black.uexp" 477
"../../../Engine/Plugins/Animation/ControlRig/Content/Controls/ControlRig_Diamond_3mm.ubulk" 478
"../../../Engine/Plugins/Animation/ControlRig/Content/Controls/ControlRig_Diamond_3mm.uasset" 479
"../../../Engine/Plugins/Animation/ControlRig/Content/Controls/ControlRig_Diamond_3mm.uexp" 480
"../../../Engine/Content/EngineDebugMaterials/M_SimpleUnlitTranslucent.uasset" 481
"../../../Engine/Content/EngineDebugMaterials/M_SimpleUnlitTranslucent.uexp" 482
"../../../Engine/Content/EngineDebugMaterials/VolumeToRender.uasset" 483
"../../../Engine/Content/EngineDebugMaterials/VolumeToRender.uexp" 484
"../../../Engine/Content/EngineDebugMaterials/M_VolumeRenderSphereTracePP.uasset" 485
"../../../Engine/Content/EngineDebugMaterials/M_VolumeRenderSphereTracePP.uexp" 486
"../../../Engine/Content/EngineMaterials/FastBlueNoise_vec2_128x128x64.uasset" 487
"../../../Engine/Content/EngineMaterials/FastBlueNoise_vec2_128x128x64.uexp" 488
"../../../Engine/Plugins/Animation/ControlRig/Content/Controls/ControlRig_Diamond_solid.ubulk" 489
"../../../Engine/Plugins/Animation/ControlRig/Content/Controls/ControlRig_Diamond_solid.uasset" 490
"../../../Engine/Plugins/Animation/ControlRig/Content/Controls/ControlRig_Diamond_solid.uexp" 491
"../../../Engine/Plugins/Animation/ControlRig/Content/Controls/ControlRig_HalfCircle_1mm.ubulk" 492
"../../../Engine/Plugins/Animation/ControlRig/Content/Controls/ControlRig_HalfCircle_1mm.uasset" 493
"../../../Engine/Plugins/Animation/ControlRig/Content/Controls/ControlRig_HalfCircle_1mm.uexp" 494
"../../../Engine/Content/EngineMaterials/BaseFlattenDiffuseMap.uasset" 495
"../../../Engine/Content/EngineMaterials/BaseFlattenDiffuseMap.uexp" 496
"../../../Engine/Content/EngineMaterials/BaseFlattenEmissiveMap.uasset" 497
"../../../Engine/Content/EngineMaterials/BaseFlattenEmissiveMap.uexp" 498
"../../../Engine/Content/EngineMaterials/BaseFlattenGrayscaleMap.uasset" 499
"../../../Engine/Content/EngineMaterials/BaseFlattenGrayscaleMap.uexp" 500
"../../../Engine/Content/EngineMaterials/BaseFlattenLinearColor.uasset" 501
"../../../Engine/Content/EngineMaterials/BaseFlattenLinearColor.uexp" 502
"../../../Engine/Content/EngineMaterials/BaseFlattenNormalMap.uasset" 503
"../../../Engine/Content/EngineMaterials/BaseFlattenNormalMap.uexp" 504
"../../../Engine/Content/Functions/Engine_MaterialFunctions02/PivotPainter2/Black_1x1_EXR_Texture.uasset" 505
"../../../Engine/Content/Functions/Engine_MaterialFunctions02/PivotPainter2/Black_1x1_EXR_Texture.uexp" 506
"../../../Engine/Content/EngineMaterials/FlattenMaterial.uasset" 507
"../../../Engine/Content/EngineMaterials/FlattenMaterial.uexp" 508
"../../../Engine/Plugins/Interchange/Assets/Content/Functions/MX_AbsorptionVDF.uasset" 509
"../../../Engine/Plugins/Interchange/Assets/Content/Functions/MX_AbsorptionVDF.uexp" 510
"../../../Engine/Content/EngineMaterials/BaseFlattenDiffuseMap_VT.ubulk" 511
"../../../Engine/Content/EngineMaterials/BaseFlattenDiffuseMap_VT.uasset" 512
"../../../Engine/Content/EngineMaterials/BaseFlattenDiffuseMap_VT.uexp" 513
"../../../Engine/Content/EngineMaterials/BaseFlattenEmissiveMap_VT.ubulk" 514
"../../../Engine/Content/EngineMaterials/BaseFlattenEmissiveMap_VT.uasset" 515
"../../../Engine/Content/EngineMaterials/BaseFlattenEmissiveMap_VT.uexp" 516
"../../../Engine/Content/EngineMaterials/BaseFlattenGrayscaleMap_VT.ubulk" 517
"../../../Engine/Content/EngineMaterials/BaseFlattenGrayscaleMap_VT.uasset" 518
"../../../Engine/Content/EngineMaterials/BaseFlattenGrayscaleMap_VT.uexp" 519
"../../../Engine/Content/EngineMaterials/BaseFlattenLinearColor_VT.ubulk" 520
"../../../Engine/Content/EngineMaterials/BaseFlattenLinearColor_VT.uasset" 521
"../../../Engine/Content/EngineMaterials/BaseFlattenLinearColor_VT.uexp" 522
"../../../Engine/Content/EngineMaterials/BaseFlattenNormalMap_VT.ubulk" 523
"../../../Engine/Content/EngineMaterials/BaseFlattenNormalMap_VT.uasset" 524
"../../../Engine/Content/EngineMaterials/BaseFlattenNormalMap_VT.uexp" 525
"../../../Engine/Content/EngineMaterials/Black_1x1_EXR_Texture_VT.ubulk" 526
"../../../Engine/Content/EngineMaterials/Black_1x1_EXR_Texture_VT.uasset" 527
"../../../Engine/Content/EngineMaterials/Black_1x1_EXR_Texture_VT.uexp" 528
"../../../Engine/Content/EngineMaterials/FlattenMaterial_VT.uasset" 529
"../../../Engine/Content/EngineMaterials/FlattenMaterial_VT.uexp" 530
"../../../Engine/Plugins/Animation/ControlRig/Content/Controls/ControlRig_HalfCircle_3mm.ubulk" 531
"../../../Engine/Plugins/Animation/ControlRig/Content/Controls/ControlRig_HalfCircle_3mm.uasset" 532
"../../../Engine/Plugins/Animation/ControlRig/Content/Controls/ControlRig_HalfCircle_3mm.uexp" 533
"../../../Engine/Content/EngineMaterials/FlattenMaterial_WS_Normal_VT.uasset" 534
"../../../Engine/Content/EngineMaterials/FlattenMaterial_WS_Normal_VT.uexp" 535
"../../../Engine/Plugins/Animation/ControlRig/Content/Controls/ControlRig_HalfCircle_solid.ubulk" 536
"../../../Engine/Plugins/Animation/ControlRig/Content/Controls/ControlRig_HalfCircle_solid.uasset" 537
"../../../Engine/Plugins/Animation/ControlRig/Content/Controls/ControlRig_HalfCircle_solid.uexp" 538
"../../../Engine/Content/EngineMaterials/GizmoMaterial.uasset" 539
"../../../Engine/Content/EngineMaterials/GizmoMaterial.uexp" 540
"../../../Engine/Plugins/Animation/ControlRig/Content/Controls/ControlRig_Hexagon_1mm.ubulk" 541
"../../../Engine/Plugins/Animation/ControlRig/Content/Controls/ControlRig_Hexagon_1mm.uasset" 542
"../../../Engine/Plugins/Animation/ControlRig/Content/Controls/ControlRig_Hexagon_1mm.uexp" 543
"../../../Engine/Plugins/Animation/ControlRig/Content/Controls/ControlRig_Hexagon_3mm.ubulk" 544
"../../../Engine/Plugins/Animation/ControlRig/Content/Controls/ControlRig_Hexagon_3mm.uasset" 545
"../../../Engine/Plugins/Animation/ControlRig/Content/Controls/ControlRig_Hexagon_3mm.uexp" 546
"../../../Engine/Plugins/Animation/ControlRig/Content/Controls/ControlRig_Hexagon_solid.ubulk" 547
"../../../Engine/Plugins/Animation/ControlRig/Content/Controls/ControlRig_Hexagon_solid.uasset" 548
"../../../Engine/Plugins/Animation/ControlRig/Content/Controls/ControlRig_Hexagon_solid.uexp" 549
"../../../Engine/Plugins/Animation/ControlRig/Content/Controls/ControlRig_Octagon_1mm.ubulk" 550
"../../../Engine/Plugins/Animation/ControlRig/Content/Controls/ControlRig_Octagon_1mm.uasset" 551
"../../../Engine/Plugins/Animation/ControlRig/Content/Controls/ControlRig_Octagon_1mm.uexp" 552
"../../../Engine/Plugins/Interchange/Assets/Content/Functions/MX_AnisotropicVDF.uasset" 553
"../../../Engine/Plugins/Interchange/Assets/Content/Functions/MX_AnisotropicVDF.uexp" 554
"../../../Engine/Plugins/Animation/ControlRig/Content/Controls/ControlRig_Octagon_3mm.ubulk" 555
"../../../Engine/Plugins/Animation/ControlRig/Content/Controls/ControlRig_Octagon_3mm.uasset" 556
"../../../Engine/Plugins/Animation/ControlRig/Content/Controls/ControlRig_Octagon_3mm.uexp" 557
"../../../Engine/Plugins/Interchange/Assets/Content/Functions/MX_BurleyDiffuseBSDF.uasset" 558
"../../../Engine/Plugins/Interchange/Assets/Content/Functions/MX_BurleyDiffuseBSDF.uexp" 559
"../../../Engine/Plugins/Animation/ControlRig/Content/Controls/ControlRig_Octagon_solid.ubulk" 560
"../../../Engine/Plugins/Animation/ControlRig/Content/Controls/ControlRig_Octagon_solid.uasset" 561
"../../../Engine/Plugins/Animation/ControlRig/Content/Controls/ControlRig_Octagon_solid.uexp" 562
"../../../Engine/Plugins/Animation/ControlRig/Content/Controls/ControlRig_Pyramid_1mm.ubulk" 563
"../../../Engine/Plugins/Animation/ControlRig/Content/Controls/ControlRig_Pyramid_1mm.uasset" 564
"../../../Engine/Plugins/Animation/ControlRig/Content/Controls/ControlRig_Pyramid_1mm.uexp" 565
"../../../Engine/Plugins/Interchange/Assets/Content/Functions/MX_ChiangHairBSDF.uasset" 566
"../../../Engine/Plugins/Interchange/Assets/Content/Functions/MX_ChiangHairBSDF.uexp" 567
"../../../Engine/Plugins/Animation/ControlRig/Content/Controls/ControlRig_Pyramid_3mm.ubulk" 568
"../../../Engine/Plugins/Animation/ControlRig/Content/Controls/ControlRig_Pyramid_3mm.uasset" 569
"../../../Engine/Plugins/Animation/ControlRig/Content/Controls/ControlRig_Pyramid_3mm.uexp" 570
"../../../Engine/Plugins/Interchange/Assets/Content/Substrate/MX_SimpleVolume.uasset" 571
"../../../Engine/Plugins/Interchange/Assets/Content/Substrate/MX_SimpleVolume.uexp" 572
"../../../Engine/Plugins/Animation/ControlRig/Content/Controls/ControlRig_Pyramid_solid.ubulk" 573
"../../../Engine/Plugins/Animation/ControlRig/Content/Controls/ControlRig_Pyramid_solid.uasset" 574
"../../../Engine/Plugins/Animation/ControlRig/Content/Controls/ControlRig_Pyramid_solid.uexp" 575
"../../../Engine/Plugins/Animation/ControlRig/Content/Controls/ControlRig_QuarterCircle_1mm.ubulk" 576
"../../../Engine/Plugins/Animation/ControlRig/Content/Controls/ControlRig_QuarterCircle_1mm.uasset" 577
"../../../Engine/Plugins/Animation/ControlRig/Content/Controls/ControlRig_QuarterCircle_1mm.uexp" 578
"../../../Engine/Plugins/Interchange/Assets/Content/Functions/MX_ConductorBSDF.uasset" 579
"../../../Engine/Plugins/Interchange/Assets/Content/Functions/MX_ConductorBSDF.uexp" 580
"../../../Engine/Plugins/Animation/ControlRig/Content/Controls/ControlRig_QuarterCircle_3mm.ubulk" 581
"../../../Engine/Plugins/Animation/ControlRig/Content/Controls/ControlRig_QuarterCircle_3mm.uasset" 582
"../../../Engine/Plugins/Animation/ControlRig/Content/Controls/ControlRig_QuarterCircle_3mm.uexp" 583
"../../../Engine/Plugins/Interchange/Assets/Content/Functions/MX_ConicalEDF.uasset" 584
"../../../Engine/Plugins/Interchange/Assets/Content/Functions/MX_ConicalEDF.uexp" 585
"../../../Engine/Plugins/Animation/ControlRig/Content/Controls/ControlRig_QuarterCircle_solid.ubulk" 586
"../../../Engine/Plugins/Animation/ControlRig/Content/Controls/ControlRig_QuarterCircle_solid.uasset" 587
"../../../Engine/Plugins/Animation/ControlRig/Content/Controls/ControlRig_QuarterCircle_solid.uexp" 588
"../../../Engine/Plugins/Animation/ControlRig/Content/Controls/ControlRig_RoundedSquare_1mm.ubulk" 589
"../../../Engine/Plugins/Animation/ControlRig/Content/Controls/ControlRig_RoundedSquare_1mm.uasset" 590
"../../../Engine/Plugins/Animation/ControlRig/Content/Controls/ControlRig_RoundedSquare_1mm.uexp" 591
"../../../Engine/Plugins/Animation/ControlRig/Content/Controls/ControlRig_RoundedSquare_3mm.ubulk" 592
"../../../Engine/Plugins/Animation/ControlRig/Content/Controls/ControlRig_RoundedSquare_3mm.uasset" 593
"../../../Engine/Plugins/Animation/ControlRig/Content/Controls/ControlRig_RoundedSquare_3mm.uexp" 594
"../../../Engine/Plugins/Interchange/Assets/Content/Functions/MX_DielectricBSDF.uasset" 595
"../../../Engine/Plugins/Interchange/Assets/Content/Functions/MX_DielectricBSDF.uexp" 596
"../../../Engine/Plugins/Animation/ControlRig/Content/Controls/ControlRig_RoundedSquare_solid.ubulk" 597
"../../../Engine/Plugins/Animation/ControlRig/Content/Controls/ControlRig_RoundedSquare_solid.uasset" 598
"../../../Engine/Plugins/Animation/ControlRig/Content/Controls/ControlRig_RoundedSquare_solid.uexp" 599
"../../../Engine/Plugins/Interchange/Assets/Content/Functions/MX_Displacement.uasset" 600
"../../../Engine/Plugins/Interchange/Assets/Content/Functions/MX_Displacement.uexp" 601
"../../../Engine/Plugins/Interchange/Assets/Content/Functions/MX_GeneralizedSchlickBSDF.uasset" 602
"../../../Engine/Plugins/Interchange/Assets/Content/Functions/MX_GeneralizedSchlickBSDF.uexp" 603
"../../../Engine/Plugins/Animation/ControlRig/Content/Controls/ControlRig_RoundedTriangle_1mm.ubulk" 604
"../../../Engine/Plugins/Animation/ControlRig/Content/Controls/ControlRig_RoundedTriangle_1mm.uasset" 605
"../../../Engine/Plugins/Animation/ControlRig/Content/Controls/ControlRig_RoundedTriangle_1mm.uexp" 606
"../../../Engine/Plugins/Animation/ControlRig/Content/Controls/ControlRig_RoundedTriangle_3mm.ubulk" 607
"../../../Engine/Plugins/Animation/ControlRig/Content/Controls/ControlRig_RoundedTriangle_3mm.uasset" 608
"../../../Engine/Plugins/Animation/ControlRig/Content/Controls/ControlRig_RoundedTriangle_3mm.uexp" 609
"../../../Engine/Plugins/Animation/ControlRig/Content/Controls/ControlRig_RoundedTriangle_solid.ubulk" 610
"../../../Engine/Plugins/Animation/ControlRig/Content/Controls/ControlRig_RoundedTriangle_solid.uasset" 611
"../../../Engine/Plugins/Animation/ControlRig/Content/Controls/ControlRig_RoundedTriangle_solid.uexp" 612
"../../../Engine/Plugins/Animation/ControlRig/Content/Controls/ControlRig_Sphere_1mm.ubulk" 613
"../../../Engine/Plugins/Animation/ControlRig/Content/Controls/ControlRig_Sphere_1mm.uasset" 614
"../../../Engine/Plugins/Animation/ControlRig/Content/Controls/ControlRig_Sphere_1mm.uexp" 615
"../../../Engine/Plugins/Animation/ControlRig/Content/Controls/ControlRig_Sphere_3mm.ubulk" 616
"../../../Engine/Plugins/Animation/ControlRig/Content/Controls/ControlRig_Sphere_3mm.uasset" 617
"../../../Engine/Plugins/Animation/ControlRig/Content/Controls/ControlRig_Sphere_3mm.uexp" 618
"../../../Engine/Plugins/Runtime/HairStrands/Content/Materials/HairCardsDefaultMaterial.uasset" 619
"../../../Engine/Plugins/Runtime/HairStrands/Content/Materials/HairCardsDefaultMaterial.uexp" 620
"../../../Engine/Plugins/Interchange/Assets/Content/Functions/MX_MeasuredEDF.uasset" 621
"../../../Engine/Plugins/Interchange/Assets/Content/Functions/MX_MeasuredEDF.uexp" 622
"../../../Engine/Content/EngineFonts/Faces/DroidSansMono.uexp" 623
"../../../Engine/Content/EngineFonts/Faces/DroidSansMono.uasset" 624
"../../../Engine/Content/EngineFonts/Faces/DroidSansMono.ufont" 625
"../../../Engine/Content/EngineFonts/DroidSansMono.uasset" 626
"../../../Engine/Content/EngineFonts/DroidSansMono.uexp" 627
"../../../Engine/Plugins/MovieScene/MovieRenderPipeline/Content/Blueprints/DefaultBurnIn.uasset" 628
"../../../Engine/Plugins/MovieScene/MovieRenderPipeline/Content/Blueprints/DefaultBurnIn.uexp" 629
"../../../Engine/Plugins/Interchange/Assets/Content/Functions/MF_IridescenceNoLUT.uasset" 630
"../../../Engine/Plugins/Interchange/Assets/Content/Functions/MF_IridescenceNoLUT.uexp" 631
"../../../Engine/Plugins/Interchange/Assets/Content/Functions/MX_StandardSurface.uasset" 632
"../../../Engine/Plugins/Interchange/Assets/Content/Functions/MX_StandardSurface.uexp" 633
"../../../Engine/Plugins/Interchange/Assets/Content/Functions/MX_OpenPBR_Opaque.uasset" 634
"../../../Engine/Plugins/Interchange/Assets/Content/Functions/MX_OpenPBR_Opaque.uexp" 635
"../../../Engine/Content/Functions/Engine_MaterialFunctions02/Utility/MakeFloat2.uasset" 636
"../../../Engine/Content/Functions/Engine_MaterialFunctions02/Utility/MakeFloat2.uexp" 637
"../../../Engine/Content/EngineMaterials/HairColorMap.uasset" 638
"../../../Engine/Content/EngineMaterials/HairColorMap.uexp" 639
"../../../Engine/Content/EngineMaterials/HairDebugColor.uasset" 640
"../../../Engine/Content/EngineMaterials/HairDebugColor.uexp" 641
"../../../Engine/Plugins/Runtime/HairStrands/Content/Materials/HairGroupColors.uasset" 642
"../../../Engine/Plugins/Runtime/HairStrands/Content/Materials/HairGroupColors.uexp" 643
"../../../Engine/Plugins/Runtime/HairStrands/Content/Materials/HairDebugMaterial.uasset" 644
"../../../Engine/Plugins/Runtime/HairStrands/Content/Materials/HairDebugMaterial.uexp" 645
"../../../Engine/Plugins/Animation/ControlRig/Content/Controls/ControlRig_Sphere_solid.ubulk" 646
"../../../Engine/Plugins/Animation/ControlRig/Content/Controls/ControlRig_Sphere_solid.uasset" 647
"../../../Engine/Plugins/Animation/ControlRig/Content/Controls/ControlRig_Sphere_solid.uexp" 648
"../../../Engine/Plugins/Interchange/Assets/Content/Functions/MX_TransmissionSurface.uasset" 649
"../../../Engine/Plugins/Interchange/Assets/Content/Functions/MX_TransmissionSurface.uexp" 650
"../../../Engine/Plugins/Interchange/Assets/Content/Functions/MX_OpenPBR_Translucent.uasset" 651
"../../../Engine/Plugins/Interchange/Assets/Content/Functions/MX_OpenPBR_Translucent.uexp" 652
"../../../Engine/Plugins/Runtime/AudioWidgets/Content/Resources/ScrubHandleDown_Clamped.uasset" 653
"../../../Engine/Plugins/Runtime/AudioWidgets/Content/Resources/ScrubHandleDown_Clamped.uexp" 654
"../../../Engine/Plugins/Runtime/HairStrands/Content/Materials/HairDefaultMaterial.uasset" 655
"../../../Engine/Plugins/Runtime/HairStrands/Content/Materials/HairDefaultMaterial.uexp" 656
"../../../Engine/Plugins/Interchange/Assets/Content/Functions/MX_OrenNayarBSDF.uasset" 657
"../../../Engine/Plugins/Interchange/Assets/Content/Functions/MX_OrenNayarBSDF.uexp" 658
"../../../Engine/Plugins/Runtime/HairStrands/Content/Materials/HairMeshesDefaultMaterial.uasset" 659
"../../../Engine/Plugins/Runtime/HairStrands/Content/Materials/HairMeshesDefaultMaterial.uexp" 660
"../../../Engine/Content/EditorBlueprintResources/StandardMacros.uasset" 661
"../../../Engine/Content/EditorBlueprintResources/StandardMacros.uexp" 662
"../../../Engine/Plugins/MovieScene/MovieRenderPipeline/Content/Blueprints/UI_MovieRenderPipelineInfoTableRow.uasset" 663
"../../../Engine/Plugins/MovieScene/MovieRenderPipeline/Content/Blueprints/UI_MovieRenderPipelineInfoTableRow.uexp" 664
"../../../Engine/Content/ArtTools/RenderToTexture/Textures/127grey.uasset" 665
"../../../Engine/Content/ArtTools/RenderToTexture/Textures/127grey.uexp" 666
"../../../Engine/Plugins/MovieScene/MovieRenderPipeline/Content/Blueprints/M_MoviePipelineRenderPreview.uasset" 667
"../../../Engine/Plugins/MovieScene/MovieRenderPipeline/Content/Blueprints/M_MoviePipelineRenderPreview.uexp" 668
"../../../Engine/Plugins/MovieScene/MovieRenderPipeline/Content/Blueprints/Graph/T_MovieGraph_TransparencyBG.uasset" 669
"../../../Engine/Plugins/MovieScene/MovieRenderPipeline/Content/Blueprints/Graph/T_MovieGraph_TransparencyBG.uexp" 670
"../../../Engine/Plugins/MovieScene/MovieRenderPipeline/Content/Blueprints/Graph/UI_MovieGraphImagePreview.uasset" 671
"../../../Engine/Plugins/MovieScene/MovieRenderPipeline/Content/Blueprints/Graph/UI_MovieGraphImagePreview.uexp" 672
"../../../Engine/Plugins/MovieScene/MovieRenderPipeline/Content/Blueprints/UI_MovieGraphPipelineScreenOverlay.uasset" 673
"../../../Engine/Plugins/MovieScene/MovieRenderPipeline/Content/Blueprints/UI_MovieGraphPipelineScreenOverlay.uexp" 674
"../../../Engine/Content/EditorMaterials/ParticleSystems/PSysThumbnail_OOD.ubulk" 675
"../../../Engine/Content/EditorMaterials/ParticleSystems/PSysThumbnail_OOD.uasset" 676
"../../../Engine/Content/EditorMaterials/ParticleSystems/PSysThumbnail_OOD.uexp" 677
"../../../Engine/Plugins/Interchange/Assets/Content/Functions/MX_SheenBSDF.uasset" 678
"../../../Engine/Plugins/Interchange/Assets/Content/Functions/MX_SheenBSDF.uexp" 679
"../../../Engine/Plugins/MovieScene/MovieRenderPipeline/Content/Blueprints/UI_MovieRenderPipelineScreenOverlay.uasset" 680
"../../../Engine/Plugins/MovieScene/MovieRenderPipeline/Content/Blueprints/UI_MovieRenderPipelineScreenOverlay.uexp" 681
"../../../Engine/Plugins/Interchange/Assets/Content/Functions/MX_SubsurfaceBSDF.uasset" 682
"../../../Engine/Plugins/Interchange/Assets/Content/Functions/MX_SubsurfaceBSDF.uexp" 683
"../../../Engine/Plugins/Interchange/Assets/Content/Functions/MX_Surface.uasset" 684
"../../../Engine/Plugins/Interchange/Assets/Content/Functions/MX_Surface.uexp" 685
"../../../Engine/Plugins/MovieScene/MovieRenderPipeline/Content/Materials/MoviePipeline_StencilCutout.uasset" 686
"../../../Engine/Plugins/MovieScene/MovieRenderPipeline/Content/Materials/MoviePipeline_StencilCutout.uexp" 687
"../../../Engine/Plugins/Interchange/Assets/Content/Functions/MX_SurfaceUnlit.uasset" 688
"../../../Engine/Plugins/Interchange/Assets/Content/Functions/MX_SurfaceUnlit.uexp" 689
"../../../Engine/Plugins/MovieScene/MovieRenderPipeline/Content/Materials/MovieRenderQueue_MotionVectors.uasset" 690
"../../../Engine/Plugins/MovieScene/MovieRenderPipeline/Content/Materials/MovieRenderQueue_MotionVectors.uexp" 691
"../../../Engine/Content/Functions/Engine_MaterialFunctions02/Utility/BreakOutFloat4Components.uasset" 692
"../../../Engine/Content/Functions/Engine_MaterialFunctions02/Utility/BreakOutFloat4Components.uexp" 693
"../../../Engine/Content/Functions/Engine_MaterialFunctions02/Utility/MakeFloat4.uasset" 694
"../../../Engine/Content/Functions/Engine_MaterialFunctions02/Utility/MakeFloat4.uexp" 695
"../../../Engine/Plugins/MovieScene/MovieRenderPipeline/Content/Materials/MovieRenderQueue_WorldDepth.uasset" 696
"../../../Engine/Plugins/MovieScene/MovieRenderPipeline/Content/Materials/MovieRenderQueue_WorldDepth.uexp" 697
"../../../Engine/Plugins/Interchange/Assets/Content/Functions/MX_TranslucentBSDF.uasset" 698
"../../../Engine/Plugins/Interchange/Assets/Content/Functions/MX_TranslucentBSDF.uexp" 699
"../../../Engine/Plugins/Animation/DeformerGraph/Content/DeformerFunctions/DG_Function_LinearBlendSkin_Morph_Cloth.uasset" 700
"../../../Engine/Plugins/Animation/DeformerGraph/Content/DeformerFunctions/DG_Function_LinearBlendSkin_Morph_Cloth.uexp" 701
"../../../Engine/Plugins/Animation/DeformerGraph/Content/Deformers/DG_LinearBlendSkin_Morph_Cloth.uasset" 702
"../../../Engine/Plugins/Animation/DeformerGraph/Content/Deformers/DG_LinearBlendSkin_Morph_Cloth.uexp" 703
"../../../Engine/Content/MobileResources/HUD/VirtualJoystick_Background.uasset" 704
"../../../Engine/Content/MobileResources/HUD/VirtualJoystick_Background.uexp" 705
"../../../Engine/Content/MobileResources/HUD/VirtualJoystick_Thumb.uasset" 706
"../../../Engine/Content/MobileResources/HUD/VirtualJoystick_Thumb.uexp" 707
"../../../Engine/Content/MobileResources/HUD/DefaultVirtualJoysticks.uasset" 708
"../../../Engine/Content/MobileResources/HUD/DefaultVirtualJoysticks.uexp" 709
"../../../Engine/Plugins/Animation/DeformerGraph/Content/DeformerFunctions/DG_Function_ComputeNormalsTangents.uasset" 710
"../../../Engine/Plugins/Animation/DeformerGraph/Content/DeformerFunctions/DG_Function_ComputeNormalsTangents.uexp" 711
"../../../Engine/Plugins/Animation/DeformerGraph/Content/DeformerFunctions/DG_Function_LinearBlendSkin_Morph_Cloth_PositionOnly.uasset" 712
"../../../Engine/Plugins/Animation/DeformerGraph/Content/DeformerFunctions/DG_Function_LinearBlendSkin_Morph_Cloth_PositionOnly.uexp" 713
"../../../Engine/Plugins/Animation/DeformerGraph/Content/Deformers/DG_LinearBlendSkin_Morph_Cloth_RecomputeNormals.uasset" 714
"../../../Engine/Plugins/Animation/DeformerGraph/Content/Deformers/DG_LinearBlendSkin_Morph_Cloth_RecomputeNormals.uexp" 715
"../../../Engine/Content/EditorMaterials/Camera/CineMat.uasset" 716
"../../../Engine/Content/EditorMaterials/Camera/CineMat.uexp" 717
"../../../Engine/Content/EditorMaterials/Camera/MI_CineMat_Rig.uasset" 718
"../../../Engine/Content/EditorMaterials/Camera/MI_CineMat_Rig.uexp" 719
"../../../Engine/Content/EditorMeshes/Camera/SM_CraneRig_Arm.ubulk" 720
"../../../Engine/Content/EditorMeshes/Camera/SM_CraneRig_Arm.uasset" 721
"../../../Engine/Content/EditorMeshes/Camera/SM_CraneRig_Arm.uexp" 722
"D:/Unreal-Projects/ObservationDuty/Content/Blueprints/Gamemodes/GM_ObservationDuty.uasset" 723
"D:/Unreal-Projects/ObservationDuty/Content/Blueprints/Gamemodes/GM_ObservationDuty.uexp" 724
"../../../Engine/Plugins/Interchange/Assets/Content/Functions/MX_UniformEDF.uasset" 725
"../../../Engine/Plugins/Interchange/Assets/Content/Functions/MX_UniformEDF.uexp" 726
"../../../Engine/Content/EditorMeshes/Camera/SM_CraneRig_Base.ubulk" 727
"../../../Engine/Content/EditorMeshes/Camera/SM_CraneRig_Base.uasset" 728
"../../../Engine/Content/EditorMeshes/Camera/SM_CraneRig_Base.uexp" 729
"../../../Engine/Plugins/Interchange/Assets/Content/Functions/MX_UsdPreviewSurface.uasset" 730
"../../../Engine/Plugins/Interchange/Assets/Content/Functions/MX_UsdPreviewSurface.uexp" 731
"../../../Engine/Content/EditorMeshes/Camera/SM_CraneRig_Body.ubulk" 732
"../../../Engine/Content/EditorMeshes/Camera/SM_CraneRig_Body.uasset" 733
"../../../Engine/Content/EditorMeshes/Camera/SM_CraneRig_Body.uexp" 734
"D:/Unreal-Projects/ObservationDuty/Content/Audio/AnomalyTypeSelect.ubulk" 735
"D:/Unreal-Projects/ObservationDuty/Content/Audio/AnomalyTypeSelect.uasset" 736
"D:/Unreal-Projects/ObservationDuty/Content/Audio/AnomalyTypeSelect.uexp" 737
"D:/Unreal-Projects/ObservationDuty/Content/Blueprints/Widgets/WBP_AnomalySelectionBox.uasset" 738
"D:/Unreal-Projects/ObservationDuty/Content/Blueprints/Widgets/WBP_AnomalySelectionBox.uexp" 739
"../../../Engine/Content/EditorMeshes/Camera/SM_CraneRig_Mount.ubulk" 740
"../../../Engine/Content/EditorMeshes/Camera/SM_CraneRig_Mount.uasset" 741
"../../../Engine/Content/EditorMeshes/Camera/SM_CraneRig_Mount.uexp" 742
"D:/Unreal-Projects/ObservationDuty/Content/Audio/CameraChange.ubulk" 743
"D:/Unreal-Projects/ObservationDuty/Content/Audio/CameraChange.uasset" 744
"D:/Unreal-Projects/ObservationDuty/Content/Audio/CameraChange.uexp" 745
"D:/Unreal-Projects/ObservationDuty/Content/Audio/ReportComplete.ubulk" 746
"D:/Unreal-Projects/ObservationDuty/Content/Audio/ReportComplete.uasset" 747
"D:/Unreal-Projects/ObservationDuty/Content/Audio/ReportComplete.uexp" 748
"../../../Engine/Content/EngineSky/VolumetricClouds/T_NoiseShape.uexp" 749
"../../../Engine/Content/EngineSky/VolumetricClouds/T_NoiseShape.ubulk" 750
"../../../Engine/Content/EngineSky/VolumetricClouds/T_NoiseShape.uasset" 751
"../../../Engine/Content/EngineSky/VolumetricClouds/T_NoiseShape.uptnl" 752
"D:/Unreal-Projects/ObservationDuty/Content/Map/Thumbnails/Supermarket.uasset" 753
"D:/Unreal-Projects/ObservationDuty/Content/Map/Thumbnails/Supermarket.uexp" 754
"D:/Unreal-Projects/ObservationDuty/Content/Blueprints/Widgets/LevelSelect/WBP_LevelSelect.uasset" 755
"D:/Unreal-Projects/ObservationDuty/Content/Blueprints/Widgets/LevelSelect/WBP_LevelSelect.uexp" 756
"D:/Unreal-Projects/ObservationDuty/Content/Blueprints/Widgets/SettingsWidget/WBP_SettingsMenu.uasset" 757
"D:/Unreal-Projects/ObservationDuty/Content/Blueprints/Widgets/SettingsWidget/WBP_SettingsMenu.uexp" 758
"D:/Unreal-Projects/ObservationDuty/Content/Blueprints/Widgets/StartingScreen/eye-1915455.uasset" 759
"D:/Unreal-Projects/ObservationDuty/Content/Blueprints/Widgets/StartingScreen/eye-1915455.uexp" 760
"D:/Unreal-Projects/ObservationDuty/Content/Blueprints/Widgets/WBP_MainMenu.uasset" 761
"D:/Unreal-Projects/ObservationDuty/Content/Blueprints/Widgets/WBP_MainMenu.uexp" 762
"../../../Engine/Content/EditorMeshes/Camera/SM_RailRig_Mount.ubulk" 763
"../../../Engine/Content/EditorMeshes/Camera/SM_RailRig_Mount.uasset" 764
"../../../Engine/Content/EditorMeshes/Camera/SM_RailRig_Mount.uexp" 765
"../../../Engine/Content/EditorMeshes/Camera/SM_RailRig_Track.ubulk" 766
"../../../Engine/Content/EditorMeshes/Camera/SM_RailRig_Track.uasset" 767
"../../../Engine/Content/EditorMeshes/Camera/SM_RailRig_Track.uexp" 768
"D:/Unreal-Projects/ObservationDuty/Content/Audio/ANOMALYOVERFLOW.ubulk" 769
"D:/Unreal-Projects/ObservationDuty/Content/Audio/ANOMALYOVERFLOW.uasset" 770
"D:/Unreal-Projects/ObservationDuty/Content/Audio/ANOMALYOVERFLOW.uexp" 771
"D:/Unreal-Projects/ObservationDuty/Content/Audio/AnomalyOverflowStart.ubulk" 772
"D:/Unreal-Projects/ObservationDuty/Content/Audio/AnomalyOverflowStart.uasset" 773
"D:/Unreal-Projects/ObservationDuty/Content/Audio/AnomalyOverflowStart.uexp" 774
"D:/Unreal-Projects/ObservationDuty/Content/Audio/CleaningAnomaly.ubulk" 775
"D:/Unreal-Projects/ObservationDuty/Content/Audio/CleaningAnomaly.uasset" 776
"D:/Unreal-Projects/ObservationDuty/Content/Audio/CleaningAnomaly.uexp" 777
"D:/Unreal-Projects/ObservationDuty/Content/Audio/ComputerNoise.ubulk" 778
"D:/Unreal-Projects/ObservationDuty/Content/Audio/ComputerNoise.uasset" 779
"D:/Unreal-Projects/ObservationDuty/Content/Audio/ComputerNoise.uexp" 780
"D:/Unreal-Projects/ObservationDuty/Content/Audio/ConnectedFinish.ubulk" 781
"D:/Unreal-Projects/ObservationDuty/Content/Audio/ConnectedFinish.uasset" 782
"D:/Unreal-Projects/ObservationDuty/Content/Audio/ConnectedFinish.uexp" 783
"D:/Unreal-Projects/ObservationDuty/Content/Audio/ConnectedInitial.ubulk" 784
"D:/Unreal-Projects/ObservationDuty/Content/Audio/ConnectedInitial.uasset" 785
"D:/Unreal-Projects/ObservationDuty/Content/Audio/ConnectedInitial.uexp" 786
"D:/Unreal-Projects/ObservationDuty/Content/Audio/Connecting.ubulk" 787
"D:/Unreal-Projects/ObservationDuty/Content/Audio/Connecting.uasset" 788
"D:/Unreal-Projects/ObservationDuty/Content/Audio/Connecting.uexp" 789
"D:/Unreal-Projects/ObservationDuty/Content/Audio/Disconnected.ubulk" 790
"D:/Unreal-Projects/ObservationDuty/Content/Audio/Disconnected.uasset" 791
"D:/Unreal-Projects/ObservationDuty/Content/Audio/Disconnected.uexp" 792
"D:/Unreal-Projects/ObservationDuty/Content/Audio/Disconnecting.ubulk" 793
"D:/Unreal-Projects/ObservationDuty/Content/Audio/Disconnecting.uasset" 794
"D:/Unreal-Projects/ObservationDuty/Content/Audio/Disconnecting.uexp" 795
"D:/Unreal-Projects/ObservationDuty/Content/Audio/LoadingFinished.ubulk" 796
"D:/Unreal-Projects/ObservationDuty/Content/Audio/LoadingFinished.uasset" 797
"D:/Unreal-Projects/ObservationDuty/Content/Audio/LoadingFinished.uexp" 798
"D:/Unreal-Projects/ObservationDuty/Content/Audio/morse.ubulk" 799
"D:/Unreal-Projects/ObservationDuty/Content/Audio/morse.uasset" 800
"D:/Unreal-Projects/ObservationDuty/Content/Audio/morse.uexp" 801
"D:/Unreal-Projects/ObservationDuty/Content/Audio/ReportSound.ubulk" 802
"D:/Unreal-Projects/ObservationDuty/Content/Audio/ReportSound.uasset" 803
"D:/Unreal-Projects/ObservationDuty/Content/Audio/ReportSound.uexp" 804
"D:/Unreal-Projects/ObservationDuty/Content/Audio/WelcomeNoise1.ubulk" 805
"D:/Unreal-Projects/ObservationDuty/Content/Audio/WelcomeNoise1.uasset" 806
"D:/Unreal-Projects/ObservationDuty/Content/Audio/WelcomeNoise1.uexp" 807
"D:/Unreal-Projects/ObservationDuty/Content/Blueprints/Widgets/WBP_MainWidget.uasset" 808
"D:/Unreal-Projects/ObservationDuty/Content/Blueprints/Widgets/WBP_MainWidget.uexp" 809
"../../../Engine/Content/EditorMaterials/Dataflow/DataflowTwoSidedVertexMaterial.uasset" 810
"../../../Engine/Content/EditorMaterials/Dataflow/DataflowTwoSidedVertexMaterial.uexp" 811
"../../../Engine/Content/EditorMaterials/Dataflow/DataflowVertexMaterial.uasset" 812
"../../../Engine/Content/EditorMaterials/Dataflow/DataflowVertexMaterial.uexp" 813
"../../../Engine/Content/EngineMaterials/EnergyConservation/Diffuse_Energy.uasset" 814
"../../../Engine/Content/EngineMaterials/EnergyConservation/Diffuse_Energy.uexp" 815
"../../../Engine/Content/EngineMaterials/EnergyConservation/GGX_ReflectionEnergy.uasset" 816
"../../../Engine/Content/EngineMaterials/EnergyConservation/GGX_ReflectionEnergy.uexp" 817
"../../../Engine/Content/EngineMaterials/EnergyConservation/GGX_TransmissionEnergyArray.uasset" 818
"../../../Engine/Content/EngineMaterials/EnergyConservation/GGX_TransmissionEnergyArray.uexp" 819
"../../../Engine/Content/EngineMaterials/EnergyConservation/SheenLegacy_Energy.uasset" 820
"../../../Engine/Content/EngineMaterials/EnergyConservation/SheenLegacy_Energy.uexp" 821
"../../../Engine/Content/Functions/Engine_MaterialFunctions02/WorldPositionOffset/ObjectScale.uasset" 822
"../../../Engine/Content/Functions/Engine_MaterialFunctions02/WorldPositionOffset/ObjectScale.uexp" 823
"../../../Engine/Plugins/Editor/SpeedTreeImporter/Content/SpeedTree9/Empty.uasset" 824
"../../../Engine/Plugins/Editor/SpeedTreeImporter/Content/SpeedTree9/Empty.uexp" 825
"../../../Engine/Plugins/Editor/SpeedTreeImporter/Content/SpeedTree9/EmptyNormal.uasset" 826
"../../../Engine/Plugins/Editor/SpeedTreeImporter/Content/SpeedTree9/EmptyNormal.uexp" 827
"../../../Engine/Plugins/Editor/SpeedTreeImporter/Content/SpeedTree9/game_wind_noise.ubulk" 828
"../../../Engine/Plugins/Editor/SpeedTreeImporter/Content/SpeedTree9/game_wind_noise.uasset" 829
"../../../Engine/Plugins/Editor/SpeedTreeImporter/Content/SpeedTree9/game_wind_noise.uexp" 830
"../../../Engine/Plugins/Editor/SpeedTreeImporter/Content/SpeedTree9/SpeedTreeBillboard.uasset" 831
"../../../Engine/Plugins/Editor/SpeedTreeImporter/Content/SpeedTree9/SpeedTreeBillboard.uexp" 832
"../../../Engine/Content/Functions/Engine_MaterialFunctions02/SafeNormalize.uasset" 833
"../../../Engine/Content/Functions/Engine_MaterialFunctions02/SafeNormalize.uexp" 834
"../../../Engine/Plugins/Editor/SpeedTreeImporter/Content/SpeedTree9/SpeedTreeWindMotion.uasset" 835
"../../../Engine/Plugins/Editor/SpeedTreeImporter/Content/SpeedTree9/SpeedTreeWindMotion.uexp" 836
"../../../Engine/Plugins/Editor/SpeedTreeImporter/Content/SpeedTree9/UnpackDirection.uasset" 837
"../../../Engine/Plugins/Editor/SpeedTreeImporter/Content/SpeedTree9/UnpackDirection.uexp" 838
"../../../Engine/Plugins/Editor/SpeedTreeImporter/Content/SpeedTree9/UnpackInteger3.uasset" 839
"../../../Engine/Plugins/Editor/SpeedTreeImporter/Content/SpeedTree9/UnpackInteger3.uexp" 840
"../../../Engine/Plugins/Editor/SpeedTreeImporter/Content/SpeedTree9/SpeedTreeBranchMotion.uasset" 841
"../../../Engine/Plugins/Editor/SpeedTreeImporter/Content/SpeedTree9/SpeedTreeBranchMotion.uexp" 842
"../../../Engine/Content/Functions/Engine_MaterialFunctions02/ObjectLocalBounds.uasset" 843
"../../../Engine/Content/Functions/Engine_MaterialFunctions02/ObjectLocalBounds.uexp" 844
"../../../Engine/Content/Functions/Engine_MaterialFunctions02/UVs/BoundingBoxBased_0-1_UVW.uasset" 845
"../../../Engine/Content/Functions/Engine_MaterialFunctions02/UVs/BoundingBoxBased_0-1_UVW.uexp" 846
"../../../Engine/Plugins/Editor/SpeedTreeImporter/Content/SpeedTree9/SpeedTreeWind.uasset" 847
"../../../Engine/Plugins/Editor/SpeedTreeImporter/Content/SpeedTree9/SpeedTreeWind.uexp" 848
"../../../Engine/Plugins/Editor/SpeedTreeImporter/Content/SpeedTree9/SpeedTreeBillboardMaster.uasset" 849
"../../../Engine/Plugins/Editor/SpeedTreeImporter/Content/SpeedTree9/SpeedTreeBillboardMaster.uexp" 850
"../../../Engine/Content/VREditor/TransformGizmo/BoundingBoxCorner.ubulk" 851
"../../../Engine/Content/VREditor/TransformGizmo/BoundingBoxCorner.uasset" 852
"../../../Engine/Content/VREditor/TransformGizmo/BoundingBoxCorner.uexp" 853
"../../../Engine/Content/EngineMaterials/EnergyConservation/Sheen_Energy.uasset" 854
"../../../Engine/Content/EngineMaterials/EnergyConservation/Sheen_Energy.uexp" 855
"../../../Engine/Plugins/Editor/SpeedTreeImporter/Content/SpeedTree9/SpeedTreeCameraFacing.uasset" 856
"../../../Engine/Plugins/Editor/SpeedTreeImporter/Content/SpeedTree9/SpeedTreeCameraFacing.uexp" 857
"../../../Engine/Plugins/Editor/SpeedTreeImporter/Content/SpeedTree9/SpeedTreeMaster.uasset" 858
"../../../Engine/Plugins/Editor/SpeedTreeImporter/Content/SpeedTree9/SpeedTreeMaster.uexp" 859
"../../../Engine/Content/VREditor/TransformGizmo/BoundingBoxEdge.ubulk" 860
"../../../Engine/Content/VREditor/TransformGizmo/BoundingBoxEdge.uasset" 861
"../../../Engine/Content/VREditor/TransformGizmo/BoundingBoxEdge.uexp" 862
"../../../Engine/Content/EngineMaterials/LTC/GGX_LTCAmp.uasset" 863
"../../../Engine/Content/EngineMaterials/LTC/GGX_LTCAmp.uexp" 864
"../../../Engine/Content/EngineMaterials/LTC/GGX_LTCMat.uasset" 865
"../../../Engine/Content/EngineMaterials/LTC/GGX_LTCMat.uexp" 866
"../../../Engine/Content/EngineMaterials/LTC/Sheen_LTC.uasset" 867
"../../../Engine/Content/EngineMaterials/LTC/Sheen_LTC.uexp" 868
"../../../Engine/Content/EngineResources/Development/ZenLogo_64.uasset" 869
"../../../Engine/Content/EngineResources/Development/ZenLogo_64.uexp" 870
"../../../Engine/Content/EngineResources/FilmGrains/Marcie_Grain_v3_128_M2_000.uasset" 871
"../../../Engine/Content/EngineResources/FilmGrains/Marcie_Grain_v3_128_M2_000.uexp" 872
"../../../Engine/Content/EditorMaterials/ParticleSystems/PSysThumbnail_NoImage.ubulk" 873
"../../../Engine/Content/EditorMaterials/ParticleSystems/PSysThumbnail_NoImage.uasset" 874
"../../../Engine/Content/EditorMaterials/ParticleSystems/PSysThumbnail_NoImage.uexp" 875
"../../../Engine/Plugins/Interchange/Assets/Content/gltf/Textures/T_White_srgb.uasset" 876
"../../../Engine/Plugins/Interchange/Assets/Content/gltf/Textures/T_White_srgb.uexp" 877
"../../../Engine/Plugins/Interchange/Assets/Content/gltf/MaterialFunctions/MF_Emissive.uasset" 878
"../../../Engine/Plugins/Interchange/Assets/Content/gltf/MaterialFunctions/MF_Emissive.uexp" 879
"../../../Engine/Plugins/Interchange/Assets/Content/gltf/MaterialFunctions/MF_RotateNormals_TS.uasset" 880
"../../../Engine/Plugins/Interchange/Assets/Content/gltf/MaterialFunctions/MF_RotateNormals_TS.uexp" 881
"../../../Engine/Plugins/Interchange/Assets/Content/gltf/MaterialFunctions/MF_ScaleNormal.uasset" 882
"../../../Engine/Plugins/Interchange/Assets/Content/gltf/MaterialFunctions/MF_ScaleNormal.uexp" 883
"../../../Engine/Plugins/Interchange/Assets/Content/gltf/Textures/T_Generic_N.uasset" 884
"../../../Engine/Plugins/Interchange/Assets/Content/gltf/Textures/T_Generic_N.uexp" 885
"../../../Engine/Plugins/Interchange/Assets/Content/gltf/MaterialFunctions/MF_Normals.uasset" 886
"../../../Engine/Plugins/Interchange/Assets/Content/gltf/MaterialFunctions/MF_Normals.uexp" 887
"../../../Engine/Plugins/Interchange/Assets/Content/gltf/Textures/T_White_Linear.uasset" 888
"../../../Engine/Plugins/Interchange/Assets/Content/gltf/Textures/T_White_Linear.uexp" 889
"../../../Engine/Plugins/Interchange/Assets/Content/gltf/MaterialFunctions/MF_Occlusion.uasset" 890
"../../../Engine/Plugins/Interchange/Assets/Content/gltf/MaterialFunctions/MF_Occlusion.uexp" 891
"../../../Engine/Plugins/Interchange/Assets/Content/gltf/MaterialFunctions/MF_RotateV2.uasset" 892
"../../../Engine/Plugins/Interchange/Assets/Content/gltf/MaterialFunctions/MF_RotateV2.uexp" 893
"../../../Engine/Plugins/Interchange/Assets/Content/gltf/MaterialFunctions/MF_TransformUVs.uasset" 894
"../../../Engine/Plugins/Interchange/Assets/Content/gltf/MaterialFunctions/MF_TransformUVs.uexp" 895
"../../../Engine/Plugins/Interchange/Assets/Content/gltf/MaterialFunctions/MF_DiffuseSpecGloss.uasset" 896
"../../../Engine/Plugins/Interchange/Assets/Content/gltf/MaterialFunctions/MF_DiffuseSpecGloss.uexp" 897
"../../../Engine/Plugins/Interchange/Assets/Content/gltf/MaterialFunctions/MF_MaxComponentValue.uasset" 898
"../../../Engine/Plugins/Interchange/Assets/Content/gltf/MaterialFunctions/MF_MaxComponentValue.uexp" 899
"../../../Engine/Content/Functions/Engine_MaterialFunctions02/Math/AddComponents.uasset" 900
"../../../Engine/Content/Functions/Engine_MaterialFunctions02/Math/AddComponents.uexp" 901
"../../../Engine/Plugins/Interchange/Assets/Content/gltf/MaterialFunctions/MF_PerceivedBrightness.uasset" 902
"../../../Engine/Plugins/Interchange/Assets/Content/gltf/MaterialFunctions/MF_PerceivedBrightness.uexp" 903
"../../../Engine/Plugins/Interchange/Assets/Content/gltf/MaterialFunctions/MF_SpecGlossToMetalRoughness.uasset" 904
"../../../Engine/Plugins/Interchange/Assets/Content/gltf/MaterialFunctions/MF_SpecGlossToMetalRoughness.uexp" 905
"../../../Engine/Plugins/Interchange/Assets/Content/gltf/MaterialBodies/MF_SpecularGlossiness_Body.uasset" 906
"../../../Engine/Plugins/Interchange/Assets/Content/gltf/MaterialBodies/MF_SpecularGlossiness_Body.uexp" 907
"../../../Engine/Plugins/Interchange/Assets/Content/gltf/M_SpecularGlossiness.uasset" 908
"../../../Engine/Plugins/Interchange/Assets/Content/gltf/M_SpecularGlossiness.uexp" 909
"../../../Engine/Plugins/Interchange/Assets/Content/gltf/MaterialInstances/MI_SpecularGlossiness_Mask.uasset" 910
"../../../Engine/Plugins/Interchange/Assets/Content/gltf/MaterialInstances/MI_SpecularGlossiness_Mask.uexp" 911
"../../../Engine/Plugins/Interchange/Assets/Content/gltf/MaterialInstances/MI_SpecularGlossiness_Mask_DS.uasset" 912
"../../../Engine/Plugins/Interchange/Assets/Content/gltf/MaterialInstances/MI_SpecularGlossiness_Mask_DS.uexp" 913
"../../../Engine/Plugins/Interchange/Assets/Content/gltf/MaterialInstances/MI_SpecularGlossiness_Opaque.uasset" 914
"../../../Engine/Plugins/Interchange/Assets/Content/gltf/MaterialInstances/MI_SpecularGlossiness_Opaque.uexp" 915
"../../../Engine/Plugins/Interchange/Assets/Content/gltf/MaterialInstances/MI_SpecularGlossiness_Opaque_DS.uasset" 916
"../../../Engine/Plugins/Interchange/Assets/Content/gltf/MaterialInstances/MI_SpecularGlossiness_Opaque_DS.uexp" 917
"../../../Engine/Content/EngineMaterials/Good64x64TilingNoiseHighFreq.uasset" 918
"../../../Engine/Content/EngineMaterials/Good64x64TilingNoiseHighFreq.uexp" 919
"../../../Engine/Content/Functions/Engine_MaterialFunctions02/Texturing/ScreenAlignedPixelToPixelUVs.uasset" 920
"../../../Engine/Content/Functions/Engine_MaterialFunctions02/Texturing/ScreenAlignedPixelToPixelUVs.uexp" 921
"../../../Engine/Plugins/Interchange/Assets/Content/Utilities/New_LUT.uasset" 922
"../../../Engine/Plugins/Interchange/Assets/Content/Utilities/New_LUT.uexp" 923
"../../../Engine/Content/Functions/Engine_MaterialFunctions03/Math/RemapValueRange.uasset" 924
"../../../Engine/Content/Functions/Engine_MaterialFunctions03/Math/RemapValueRange.uexp" 925
"../../../Engine/Plugins/Interchange/Assets/Content/Functions/MF_Iridescence.uasset" 926
"../../../Engine/Plugins/Interchange/Assets/Content/Functions/MF_Iridescence.uexp" 927
"../../../Engine/Plugins/Interchange/Assets/Content/gltf/MaterialFunctions/MF_BaseColor.uasset" 928
"../../../Engine/Plugins/Interchange/Assets/Content/gltf/MaterialFunctions/MF_BaseColor.uexp" 929
"../../../Engine/Plugins/Interchange/Assets/Content/gltf/MaterialFunctions/MF_IOR.uasset" 930
"../../../Engine/Plugins/Interchange/Assets/Content/gltf/MaterialFunctions/MF_IOR.uexp" 931
"../../../Engine/Plugins/Interchange/Assets/Content/gltf/MaterialFunctions/MF_Iridescence.uasset" 932
"../../../Engine/Plugins/Interchange/Assets/Content/gltf/MaterialFunctions/MF_Iridescence.uexp" 933
"../../../Engine/Plugins/Interchange/Assets/Content/gltf/MaterialFunctions/MF_MetallicRoughness.uasset" 934
"../../../Engine/Plugins/Interchange/Assets/Content/gltf/MaterialFunctions/MF_MetallicRoughness.uexp" 935
"../../../Engine/Plugins/Interchange/Assets/Content/gltf/MaterialFunctions/MF_Specular.uasset" 936
"../../../Engine/Plugins/Interchange/Assets/Content/gltf/MaterialFunctions/MF_Specular.uexp" 937
"../../../Engine/Plugins/Interchange/Assets/Content/gltf/Textures/T_Anisotropy_Direction_Linear.uasset" 938
"../../../Engine/Plugins/Interchange/Assets/Content/gltf/Textures/T_Anisotropy_Direction_Linear.uexp" 939
"../../../Engine/Plugins/Interchange/Assets/Content/gltf/MaterialFunctions/MF_SpecularAnisotropy.uasset" 940
"../../../Engine/Plugins/Interchange/Assets/Content/gltf/MaterialFunctions/MF_SpecularAnisotropy.uexp" 941
"../../../Engine/Plugins/Interchange/Assets/Content/gltf/MaterialFunctions/MF_Fresnel_DS.uasset" 942
"../../../Engine/Plugins/Interchange/Assets/Content/gltf/MaterialFunctions/MF_Fresnel_DS.uexp" 943
"../../../Engine/Plugins/Interchange/Assets/Content/gltf/MaterialFunctions/MF_Temporal_Blur.uasset" 944
"../../../Engine/Plugins/Interchange/Assets/Content/gltf/MaterialFunctions/MF_Temporal_Blur.uexp" 945
"../../../Engine/Plugins/Interchange/Assets/Content/gltf/MaterialFunctions/MF_Transmission.uasset" 946
"../../../Engine/Plugins/Interchange/Assets/Content/gltf/MaterialFunctions/MF_Transmission.uexp" 947
"../../../Engine/Plugins/Interchange/Assets/Content/gltf/MaterialBodies/MF_Transmission_Body.uasset" 948
"../../../Engine/Plugins/Interchange/Assets/Content/gltf/MaterialBodies/MF_Transmission_Body.uexp" 949
"../../../Engine/Plugins/Interchange/Assets/Content/gltf/M_Transmission.uasset" 950
"../../../Engine/Plugins/Interchange/Assets/Content/gltf/M_Transmission.uexp" 951
"../../../Engine/Plugins/Interchange/Assets/Content/gltf/MaterialInstances/MI_Transmission.uasset" 952
"../../../Engine/Plugins/Interchange/Assets/Content/gltf/MaterialInstances/MI_Transmission.uexp" 953
"../../../Engine/Plugins/Interchange/Assets/Content/gltf/MaterialInstances/MI_Transmission_DS.uasset" 954
"../../../Engine/Plugins/Interchange/Assets/Content/gltf/MaterialInstances/MI_Transmission_DS.uexp" 955
"../../../Engine/Plugins/Interchange/Assets/Content/gltf/MaterialBodies/MF_Unlit_Body.uasset" 956
"../../../Engine/Plugins/Interchange/Assets/Content/gltf/MaterialBodies/MF_Unlit_Body.uexp" 957
"../../../Engine/Plugins/Interchange/Assets/Content/gltf/M_Unlit.uasset" 958
"../../../Engine/Plugins/Interchange/Assets/Content/gltf/M_Unlit.uexp" 959
"../../../Engine/Plugins/Interchange/Assets/Content/gltf/MaterialInstances/MI_Unlit_Blend.uasset" 960
"../../../Engine/Plugins/Interchange/Assets/Content/gltf/MaterialInstances/MI_Unlit_Blend.uexp" 961
"../../../Engine/Plugins/Interchange/Assets/Content/gltf/MaterialInstances/MI_Unlit_Blend_DS.uasset" 962
"../../../Engine/Plugins/Interchange/Assets/Content/gltf/MaterialInstances/MI_Unlit_Blend_DS.uexp" 963
"../../../Engine/Plugins/Interchange/Assets/Content/gltf/MaterialInstances/MI_Unlit_Mask.uasset" 964
"../../../Engine/Plugins/Interchange/Assets/Content/gltf/MaterialInstances/MI_Unlit_Mask.uexp" 965
"../../../Engine/Plugins/Interchange/Assets/Content/gltf/MaterialInstances/MI_Unlit_Mask_DS.uasset" 966
"../../../Engine/Plugins/Interchange/Assets/Content/gltf/MaterialInstances/MI_Unlit_Mask_DS.uexp" 967
"../../../Engine/Plugins/Interchange/Assets/Content/gltf/MaterialInstances/MI_Unlit_Opaque.uasset" 968
"../../../Engine/Plugins/Interchange/Assets/Content/gltf/MaterialInstances/MI_Unlit_Opaque.uexp" 969
"../../../Engine/Plugins/Interchange/Assets/Content/gltf/MaterialInstances/MI_Unlit_Opaque_DS.uasset" 970
"../../../Engine/Plugins/Interchange/Assets/Content/gltf/MaterialInstances/MI_Unlit_Opaque_DS.uexp" 971
"../../../Engine/Plugins/MovieScene/MovieRenderPipeline/Content/Blueprints/Graph/DefaultGraphBurnIn.uasset" 972
"../../../Engine/Plugins/MovieScene/MovieRenderPipeline/Content/Blueprints/Graph/DefaultGraphBurnIn.uexp" 973
"../../../Engine/Content/ArtTools/RenderToTexture/Meshes/S_1_Unit_Plane.ubulk" 974
"../../../Engine/Content/ArtTools/RenderToTexture/Meshes/S_1_Unit_Plane.uasset" 975
"../../../Engine/Content/ArtTools/RenderToTexture/Meshes/S_1_Unit_Plane.uexp" 976
"../../../Engine/Content/Functions/Engine_MaterialFunctions01/Texturing/FlattenNormal.uasset" 977
"../../../Engine/Content/Functions/Engine_MaterialFunctions01/Texturing/FlattenNormal.uexp" 978
"../../../Engine/Plugins/Interchange/Assets/Content/gltf/MaterialFunctions/MF_Clearcoat.uasset" 979
"../../../Engine/Plugins/Interchange/Assets/Content/gltf/MaterialFunctions/MF_Clearcoat.uexp" 980
"../../../Engine/Plugins/Interchange/Assets/Content/gltf/MaterialBodies/MF_ClearCoat_Body.uasset" 981
"../../../Engine/Plugins/Interchange/Assets/Content/gltf/MaterialBodies/MF_ClearCoat_Body.uexp" 982
"../../../Engine/Plugins/Interchange/Assets/Content/gltf/M_ClearCoat.uasset" 983
"../../../Engine/Plugins/Interchange/Assets/Content/gltf/M_ClearCoat.uexp" 984
"../../../Engine/Plugins/Interchange/Assets/Content/gltf/MaterialInstances/MI_ClearCoat_Blend.uasset" 985
"../../../Engine/Plugins/Interchange/Assets/Content/gltf/MaterialInstances/MI_ClearCoat_Blend.uexp" 986
"../../../Engine/Plugins/Interchange/Assets/Content/gltf/MaterialInstances/MI_ClearCoat_Blend_DS.uasset" 987
"../../../Engine/Plugins/Interchange/Assets/Content/gltf/MaterialInstances/MI_ClearCoat_Blend_DS.uexp" 988
"../../../Engine/Plugins/Interchange/Assets/Content/gltf/MaterialInstances/MI_ClearCoat_Mask.uasset" 989
"../../../Engine/Plugins/Interchange/Assets/Content/gltf/MaterialInstances/MI_ClearCoat_Mask.uexp" 990
"../../../Engine/Plugins/Interchange/Assets/Content/gltf/MaterialInstances/MI_ClearCoat_Mask_DS.uasset" 991
"../../../Engine/Plugins/Interchange/Assets/Content/gltf/MaterialInstances/MI_ClearCoat_Mask_DS.uexp" 992
"../../../Engine/Plugins/Interchange/Assets/Content/gltf/MaterialInstances/MI_ClearCoat_Opaque.uasset" 993
"../../../Engine/Plugins/Interchange/Assets/Content/gltf/MaterialInstances/MI_ClearCoat_Opaque.uexp" 994
"../../../Engine/Plugins/Interchange/Assets/Content/gltf/MaterialInstances/MI_ClearCoat_Opaque_DS.uasset" 995
"../../../Engine/Plugins/Interchange/Assets/Content/gltf/MaterialInstances/MI_ClearCoat_Opaque_DS.uexp" 996
"../../../Engine/Plugins/Interchange/Assets/Content/gltf/MaterialBodies/MF_Default_Body.uasset" 997
"../../../Engine/Plugins/Interchange/Assets/Content/gltf/MaterialBodies/MF_Default_Body.uexp" 998
"../../../Engine/Plugins/Interchange/Assets/Content/gltf/M_Default.uasset" 999
"../../../Engine/Plugins/Interchange/Assets/Content/gltf/M_Default.uexp" 1000
"../../../Engine/Plugins/Interchange/Assets/Content/gltf/MaterialInstances/MI_Default_Blend.uasset" 1001
"../../../Engine/Plugins/Interchange/Assets/Content/gltf/MaterialInstances/MI_Default_Blend.uexp" 1002
"../../../Engine/Plugins/Interchange/Assets/Content/gltf/MaterialInstances/MI_Default_Blend_DS.uasset" 1003
"../../../Engine/Plugins/Interchange/Assets/Content/gltf/MaterialInstances/MI_Default_Blend_DS.uexp" 1004
"../../../Engine/Plugins/Interchange/Assets/Content/gltf/MaterialInstances/MI_Default_Mask.uasset" 1005
"../../../Engine/Plugins/Interchange/Assets/Content/gltf/MaterialInstances/MI_Default_Mask.uexp" 1006
"../../../Engine/Plugins/Interchange/Assets/Content/gltf/MaterialInstances/MI_Default_Mask_DS.uasset" 1007
"../../../Engine/Plugins/Interchange/Assets/Content/gltf/MaterialInstances/MI_Default_Mask_DS.uexp" 1008
"../../../Engine/Plugins/Interchange/Assets/Content/gltf/MaterialInstances/MI_Default_Opaque.uasset" 1009
"../../../Engine/Plugins/Interchange/Assets/Content/gltf/MaterialInstances/MI_Default_Opaque.uexp" 1010
"../../../Engine/Plugins/Interchange/Assets/Content/gltf/MaterialInstances/MI_Default_Opaque_DS.uasset" 1011
"../../../Engine/Plugins/Interchange/Assets/Content/gltf/MaterialInstances/MI_Default_Opaque_DS.uexp" 1012
"../../../Engine/Plugins/Interchange/Assets/Content/gltf/MaterialFunctions/MF_Sheen.uasset" 1013
"../../../Engine/Plugins/Interchange/Assets/Content/gltf/MaterialFunctions/MF_Sheen.uexp" 1014
"../../../Engine/Plugins/Interchange/Assets/Content/gltf/MaterialBodies/MF_Sheen_Body.uasset" 1015
"../../../Engine/Plugins/Interchange/Assets/Content/gltf/MaterialBodies/MF_Sheen_Body.uexp" 1016
"../../../Engine/Plugins/Interchange/Assets/Content/gltf/M_Sheen.uasset" 1017
"../../../Engine/Plugins/Interchange/Assets/Content/gltf/M_Sheen.uexp" 1018
"../../../Engine/Plugins/Interchange/Assets/Content/gltf/MaterialInstances/MI_Sheen_Blend.uasset" 1019
"../../../Engine/Plugins/Interchange/Assets/Content/gltf/MaterialInstances/MI_Sheen_Blend.uexp" 1020
"../../../Engine/Plugins/Interchange/Assets/Content/gltf/MaterialInstances/MI_Sheen_Blend_DS.uasset" 1021
"../../../Engine/Plugins/Interchange/Assets/Content/gltf/MaterialInstances/MI_Sheen_Blend_DS.uexp" 1022
"../../../Engine/Plugins/Interchange/Assets/Content/gltf/MaterialInstances/MI_Sheen_Mask.uasset" 1023
"../../../Engine/Plugins/Interchange/Assets/Content/gltf/MaterialInstances/MI_Sheen_Mask.uexp" 1024
"../../../Engine/Plugins/Interchange/Assets/Content/gltf/MaterialInstances/MI_Sheen_Mask_DS.uasset" 1025
"../../../Engine/Plugins/Interchange/Assets/Content/gltf/MaterialInstances/MI_Sheen_Mask_DS.uexp" 1026
"../../../Engine/Plugins/Interchange/Assets/Content/gltf/MaterialInstances/MI_Sheen_Opaque.uasset" 1027
"../../../Engine/Plugins/Interchange/Assets/Content/gltf/MaterialInstances/MI_Sheen_Opaque.uexp" 1028
"../../../Engine/Plugins/Interchange/Assets/Content/gltf/MaterialInstances/MI_Sheen_Opaque_DS.uasset" 1029
"../../../Engine/Plugins/Interchange/Assets/Content/gltf/MaterialInstances/MI_Sheen_Opaque_DS.uexp" 1030
"../../../Engine/Plugins/Interchange/Assets/Content/gltf/MaterialInstances/MI_SpecularGlossiness_Blend.uasset" 1031
"../../../Engine/Plugins/Interchange/Assets/Content/gltf/MaterialInstances/MI_SpecularGlossiness_Blend.uexp" 1032
"../../../Engine/Plugins/Interchange/Assets/Content/gltf/MaterialInstances/MI_SpecularGlossiness_Blend_DS.uasset" 1033
"../../../Engine/Plugins/Interchange/Assets/Content/gltf/MaterialInstances/MI_SpecularGlossiness_Blend_DS.uexp" 1034
"../../../Engine/Content/EngineMaterials/Substrate/GLints/AGlintTex2dArray.uasset" 1035
"../../../Engine/Content/EngineMaterials/Substrate/GLints/AGlintTex2dArray.uexp" 1036
"../../../Engine/Content/EditorResources/SequenceRecorder/Countdown.uasset" 1037
"../../../Engine/Content/EditorResources/SequenceRecorder/Countdown.uexp" 1038
"../../../Engine/Content/EditorResources/SequenceRecorder/RecordingIndicator.uasset" 1039
"../../../Engine/Content/EditorResources/SequenceRecorder/RecordingIndicator.uexp" 1040
"../../../Engine/Content/EngineMaterials/Substrate/Volume/SubstrateSimpleVolumeEnvLUT3D.uasset" 1041
"../../../Engine/Content/EngineMaterials/Substrate/Volume/SubstrateSimpleVolumeEnvLUT3D.uexp" 1042
"../../../Engine/Content/EngineMaterials/Substrate/Volume/SubstrateSimpleVolumeLUT3D.uasset" 1043
"../../../Engine/Content/EngineMaterials/Substrate/Volume/SubstrateSimpleVolumeLUT3D.uexp" 1044
"../../../Engine/Content/Functions/Engine_MaterialFunctions01/Shading/ConvertFromDiffSpec.uasset" 1045
"../../../Engine/Content/Functions/Engine_MaterialFunctions01/Shading/ConvertFromDiffSpec.uexp" 1046
"../../../Engine/Content/Functions/Engine_MaterialFunctions01/Shading/PowerToRoughness.uasset" 1047
"../../../Engine/Content/Functions/Engine_MaterialFunctions01/Shading/PowerToRoughness.uexp" 1048
"../../../Engine/Content/EngineMaterials/DefaultMaterial.uasset" 1049
"../../../Engine/Content/EngineMaterials/DefaultMaterial.uexp" 1050
"../../../Engine/Content/BasicShapes/Cone.ubulk" 1051
"../../../Engine/Content/BasicShapes/Cone.uasset" 1052
"../../../Engine/Content/BasicShapes/Cone.uexp" 1053
"../../../Engine/Content/BasicShapes/Cylinder.ubulk" 1054
"../../../Engine/Content/BasicShapes/Cylinder.uasset" 1055
"../../../Engine/Content/BasicShapes/Cylinder.uexp" 1056
"../../../Engine/Content/BasicShapes/Plane.ubulk" 1057
"../../../Engine/Content/BasicShapes/Plane.uasset" 1058
"../../../Engine/Content/BasicShapes/Plane.uexp" 1059
"../../../Engine/Content/BasicShapes/Sphere.ubulk" 1060
"../../../Engine/Content/BasicShapes/Sphere.uasset" 1061
"../../../Engine/Content/BasicShapes/Sphere.uexp" 1062
"../../../Engine/Content/Maps/Entry_BuiltData.uasset" 1063
"../../../Engine/Content/Maps/Entry_BuiltData.uexp" 1064
"../../../Engine/Content/Maps/Entry.uexp" 1065
"../../../Engine/Content/Maps/Entry.umap" 1066
"../../../Engine/Content/BasicShapes/Cube.ubulk" 1067
"../../../Engine/Content/BasicShapes/Cube.uasset" 1068
"../../../Engine/Content/BasicShapes/Cube.uexp" 1069
"../../../Engine/Content/BasicShapes/BasicShapeMaterial.uasset" 1070
"../../../Engine/Content/BasicShapes/BasicShapeMaterial.uexp" 1071
"D:/Unreal-Projects/ObservationDuty/Content/Seq/SandboxLevelSeq.uasset" 1072
"D:/Unreal-Projects/ObservationDuty/Content/Seq/SandboxLevelSeq.uexp" 1073
"D:/Unreal-Projects/ObservationDuty/Content/HDRI/NightSkyHDRI001_4K_HDR.uasset" 1074
"D:/Unreal-Projects/ObservationDuty/Content/HDRI/NightSkyHDRI001_4K_HDR.uexp" 1075
"D:/Unreal-Projects/ObservationDuty/Content/Map/Main_BuiltData.uexp" 1076
"D:/Unreal-Projects/ObservationDuty/Content/Map/Main_BuiltData.ubulk" 1077
"D:/Unreal-Projects/ObservationDuty/Content/Map/Main_BuiltData.uasset" 1078
"D:/Unreal-Projects/ObservationDuty/Content/Map/Main_BuiltData.uptnl" 1079
"D:/Unreal-Projects/ObservationDuty/Content/Audio/Amb/FreezerAmbience.ubulk" 1080
"D:/Unreal-Projects/ObservationDuty/Content/Audio/Amb/FreezerAmbience.uasset" 1081
"D:/Unreal-Projects/ObservationDuty/Content/Audio/Amb/FreezerAmbience.uexp" 1082
"D:/Unreal-Projects/ObservationDuty/Content/Audio/Amb/StoreAmbience.ubulk" 1083
"D:/Unreal-Projects/ObservationDuty/Content/Audio/Amb/StoreAmbience.uasset" 1084
"D:/Unreal-Projects/ObservationDuty/Content/Audio/Amb/StoreAmbience.uexp" 1085
"D:/Unreal-Projects/ObservationDuty/Content/Audio/Amb/StoreAmbience2.ubulk" 1086
"D:/Unreal-Projects/ObservationDuty/Content/Audio/Amb/StoreAmbience2.uasset" 1087
"D:/Unreal-Projects/ObservationDuty/Content/Audio/Amb/StoreAmbience2.uexp" 1088
"D:/Unreal-Projects/ObservationDuty/Content/Inputs/Inputs/IA_NextCamera.uasset" 1089
"D:/Unreal-Projects/ObservationDuty/Content/Inputs/Inputs/IA_NextCamera.uexp" 1090
"D:/Unreal-Projects/ObservationDuty/Content/Inputs/Inputs/IA_Pause.uasset" 1091
"D:/Unreal-Projects/ObservationDuty/Content/Inputs/Inputs/IA_Pause.uexp" 1092
"D:/Unreal-Projects/ObservationDuty/Content/Inputs/Inputs/IA_PreviousCamera.uasset" 1093
"D:/Unreal-Projects/ObservationDuty/Content/Inputs/Inputs/IA_PreviousCamera.uexp" 1094
"D:/Unreal-Projects/ObservationDuty/Content/Inputs/IMC_BaseMappingContext.uasset" 1095
"D:/Unreal-Projects/ObservationDuty/Content/Inputs/IMC_BaseMappingContext.uexp" 1096
"D:/Unreal-Projects/ObservationDuty/Content/Blueprints/Actors/BP_MapCamera.uasset" 1097
"D:/Unreal-Projects/ObservationDuty/Content/Blueprints/Actors/BP_MapCamera.uexp" 1098
"D:/Unreal-Projects/ObservationDuty/Content/Lab/Textures/T_AnalyticalBalance_BC.ubulk" 1099
"D:/Unreal-Projects/ObservationDuty/Content/Lab/Textures/T_AnalyticalBalance_BC.uasset" 1100
"D:/Unreal-Projects/ObservationDuty/Content/Lab/Textures/T_AnalyticalBalance_BC.uexp" 1101
"D:/Unreal-Projects/ObservationDuty/Content/Lab/Textures/T_AnalyticalBalance_N.ubulk" 1102
"D:/Unreal-Projects/ObservationDuty/Content/Lab/Textures/T_AnalyticalBalance_N.uasset" 1103
"D:/Unreal-Projects/ObservationDuty/Content/Lab/Textures/T_AnalyticalBalance_N.uexp" 1104
"D:/Unreal-Projects/ObservationDuty/Content/Lab/Textures/T_AnalyticalBalance_ORM.ubulk" 1105
"D:/Unreal-Projects/ObservationDuty/Content/Lab/Textures/T_AnalyticalBalance_ORM.uasset" 1106
"D:/Unreal-Projects/ObservationDuty/Content/Lab/Textures/T_AnalyticalBalance_ORM.uexp" 1107
"D:/Unreal-Projects/ObservationDuty/Content/Lab/Materials/M_AnalyticalBalance.uasset" 1108
"D:/Unreal-Projects/ObservationDuty/Content/Lab/Materials/M_AnalyticalBalance.uexp" 1109
"../../../Engine/Content/Functions/Engine_MaterialFunctions02/Fresnel_Function.uasset" 1110
"../../../Engine/Content/Functions/Engine_MaterialFunctions02/Fresnel_Function.uexp" 1111
"D:/Unreal-Projects/ObservationDuty/Content/Lab/Materials/M_Glass.uasset" 1112
"D:/Unreal-Projects/ObservationDuty/Content/Lab/Materials/M_Glass.uexp" 1113
"D:/Unreal-Projects/ObservationDuty/Content/Lab/Meshes/SM_AnalyticalBalance.ubulk" 1114
"D:/Unreal-Projects/ObservationDuty/Content/Lab/Meshes/SM_AnalyticalBalance.uasset" 1115
"D:/Unreal-Projects/ObservationDuty/Content/Lab/Meshes/SM_AnalyticalBalance.uexp" 1116
"../../../Engine/Content/Functions/Engine_MaterialFunctions01/Gradient/LinearGradient.uasset" 1117
"../../../Engine/Content/Functions/Engine_MaterialFunctions01/Gradient/LinearGradient.uexp" 1118
"../../../Engine/Content/Functions/Engine_MaterialFunctions01/ImageAdjustment/CheapContrast.uasset" 1119
"../../../Engine/Content/Functions/Engine_MaterialFunctions01/ImageAdjustment/CheapContrast.uexp" 1120
"D:/Unreal-Projects/ObservationDuty/Content/Lab/Textures/T_Glassware_BC.ubulk" 1121
"D:/Unreal-Projects/ObservationDuty/Content/Lab/Textures/T_Glassware_BC.uasset" 1122
"D:/Unreal-Projects/ObservationDuty/Content/Lab/Textures/T_Glassware_BC.uexp" 1123
"D:/Unreal-Projects/ObservationDuty/Content/Lab/Textures/T_Glassware_N.ubulk" 1124
"D:/Unreal-Projects/ObservationDuty/Content/Lab/Textures/T_Glassware_N.uasset" 1125
"D:/Unreal-Projects/ObservationDuty/Content/Lab/Textures/T_Glassware_N.uexp" 1126
"D:/Unreal-Projects/ObservationDuty/Content/Lab/Textures/T_Glassware_ORM.ubulk" 1127
"D:/Unreal-Projects/ObservationDuty/Content/Lab/Textures/T_Glassware_ORM.uasset" 1128
"D:/Unreal-Projects/ObservationDuty/Content/Lab/Textures/T_Glassware_ORM.uexp" 1129
"D:/Unreal-Projects/ObservationDuty/Content/Lab/Textures/T_Glassware_M.ubulk" 1130
"D:/Unreal-Projects/ObservationDuty/Content/Lab/Textures/T_Glassware_M.uasset" 1131
"D:/Unreal-Projects/ObservationDuty/Content/Lab/Textures/T_Glassware_M.uexp" 1132
"D:/Unreal-Projects/ObservationDuty/Content/Lab/Materials/M_Glassware.uasset" 1133
"D:/Unreal-Projects/ObservationDuty/Content/Lab/Materials/M_Glassware.uexp" 1134
"D:/Unreal-Projects/ObservationDuty/Content/Lab/Materials/MI_Glassware.uasset" 1135
"D:/Unreal-Projects/ObservationDuty/Content/Lab/Materials/MI_Glassware.uexp" 1136
"D:/Unreal-Projects/ObservationDuty/Content/Lab/Meshes/SM_Beaker.ubulk" 1137
"D:/Unreal-Projects/ObservationDuty/Content/Lab/Meshes/SM_Beaker.uasset" 1138
"D:/Unreal-Projects/ObservationDuty/Content/Lab/Meshes/SM_Beaker.uexp" 1139
"D:/Unreal-Projects/ObservationDuty/Content/Lab/Textures/T_Microscope_BC.ubulk" 1140
"D:/Unreal-Projects/ObservationDuty/Content/Lab/Textures/T_Microscope_BC.uasset" 1141
"D:/Unreal-Projects/ObservationDuty/Content/Lab/Textures/T_Microscope_BC.uexp" 1142
"D:/Unreal-Projects/ObservationDuty/Content/Lab/Textures/T_Microscope_N.ubulk" 1143
"D:/Unreal-Projects/ObservationDuty/Content/Lab/Textures/T_Microscope_N.uasset" 1144
"D:/Unreal-Projects/ObservationDuty/Content/Lab/Textures/T_Microscope_N.uexp" 1145
"D:/Unreal-Projects/ObservationDuty/Content/Lab/Textures/T_Microscope_ORM.ubulk" 1146
"D:/Unreal-Projects/ObservationDuty/Content/Lab/Textures/T_Microscope_ORM.uasset" 1147
"D:/Unreal-Projects/ObservationDuty/Content/Lab/Textures/T_Microscope_ORM.uexp" 1148
"D:/Unreal-Projects/ObservationDuty/Content/Lab/Materials/M_Microscope.uasset" 1149
"D:/Unreal-Projects/ObservationDuty/Content/Lab/Materials/M_Microscope.uexp" 1150
"D:/Unreal-Projects/ObservationDuty/Content/Lab/Textures/T_Centrifuge_BC.ubulk" 1151
"D:/Unreal-Projects/ObservationDuty/Content/Lab/Textures/T_Centrifuge_BC.uasset" 1152
"D:/Unreal-Projects/ObservationDuty/Content/Lab/Textures/T_Centrifuge_BC.uexp" 1153
"D:/Unreal-Projects/ObservationDuty/Content/Lab/Textures/T_Centrifuge_N.ubulk" 1154
"D:/Unreal-Projects/ObservationDuty/Content/Lab/Textures/T_Centrifuge_N.uasset" 1155
"D:/Unreal-Projects/ObservationDuty/Content/Lab/Textures/T_Centrifuge_N.uexp" 1156
"D:/Unreal-Projects/ObservationDuty/Content/Lab/Textures/T_Centrifuge_ORM.ubulk" 1157
"D:/Unreal-Projects/ObservationDuty/Content/Lab/Textures/T_Centrifuge_ORM.uasset" 1158
"D:/Unreal-Projects/ObservationDuty/Content/Lab/Textures/T_Centrifuge_ORM.uexp" 1159
"D:/Unreal-Projects/ObservationDuty/Content/Lab/Materials/MI_Centrifuge.uasset" 1160
"D:/Unreal-Projects/ObservationDuty/Content/Lab/Materials/MI_Centrifuge.uexp" 1161
"D:/Unreal-Projects/ObservationDuty/Content/Lab/Meshes/SM_Centrifuge.ubulk" 1162
"D:/Unreal-Projects/ObservationDuty/Content/Lab/Meshes/SM_Centrifuge.uasset" 1163
"D:/Unreal-Projects/ObservationDuty/Content/Lab/Meshes/SM_Centrifuge.uexp" 1164
"D:/Unreal-Projects/ObservationDuty/Content/Lab/Meshes/SM_CentrifugeCover.ubulk" 1165
"D:/Unreal-Projects/ObservationDuty/Content/Lab/Meshes/SM_CentrifugeCover.uasset" 1166
"D:/Unreal-Projects/ObservationDuty/Content/Lab/Meshes/SM_CentrifugeCover.uexp" 1167
"D:/Unreal-Projects/ObservationDuty/Content/Lab/Materials/MI_DissecatorTop.uasset" 1168
"D:/Unreal-Projects/ObservationDuty/Content/Lab/Materials/MI_DissecatorTop.uexp" 1169
"D:/Unreal-Projects/ObservationDuty/Content/Lab/Meshes/SM_Dissecator.ubulk" 1170
"D:/Unreal-Projects/ObservationDuty/Content/Lab/Meshes/SM_Dissecator.uasset" 1171
"D:/Unreal-Projects/ObservationDuty/Content/Lab/Meshes/SM_Dissecator.uexp" 1172
"D:/Unreal-Projects/ObservationDuty/Content/Lab/Textures/T_Distiller_BC.ubulk" 1173
"D:/Unreal-Projects/ObservationDuty/Content/Lab/Textures/T_Distiller_BC.uasset" 1174
"D:/Unreal-Projects/ObservationDuty/Content/Lab/Textures/T_Distiller_BC.uexp" 1175
"D:/Unreal-Projects/ObservationDuty/Content/Lab/Textures/T_Distiller_N.ubulk" 1176
"D:/Unreal-Projects/ObservationDuty/Content/Lab/Textures/T_Distiller_N.uasset" 1177
"D:/Unreal-Projects/ObservationDuty/Content/Lab/Textures/T_Distiller_N.uexp" 1178
"D:/Unreal-Projects/ObservationDuty/Content/Lab/Textures/T_Distiller_ORM.ubulk" 1179
"D:/Unreal-Projects/ObservationDuty/Content/Lab/Textures/T_Distiller_ORM.uasset" 1180
"D:/Unreal-Projects/ObservationDuty/Content/Lab/Textures/T_Distiller_ORM.uexp" 1181
"D:/Unreal-Projects/ObservationDuty/Content/Lab/Materials/MI_Distiller.uasset" 1182
"D:/Unreal-Projects/ObservationDuty/Content/Lab/Materials/MI_Distiller.uexp" 1183
"D:/Unreal-Projects/ObservationDuty/Content/Lab/Materials/M_DestilatorGlass.uasset" 1184
"D:/Unreal-Projects/ObservationDuty/Content/Lab/Materials/M_DestilatorGlass.uexp" 1185
"D:/Unreal-Projects/ObservationDuty/Content/Lab/Materials/MI_DistillerGlass.uasset" 1186
"D:/Unreal-Projects/ObservationDuty/Content/Lab/Materials/MI_DistillerGlass.uexp" 1187
"D:/Unreal-Projects/ObservationDuty/Content/Lab/Textures/T_TestTubes_N.ubulk" 1188
"D:/Unreal-Projects/ObservationDuty/Content/Lab/Textures/T_TestTubes_N.uasset" 1189
"D:/Unreal-Projects/ObservationDuty/Content/Lab/Textures/T_TestTubes_N.uexp" 1190
"D:/Unreal-Projects/ObservationDuty/Content/Lab/Materials/M_TestTubeLiquid.uasset" 1191
"D:/Unreal-Projects/ObservationDuty/Content/Lab/Materials/M_TestTubeLiquid.uexp" 1192
"D:/Unreal-Projects/ObservationDuty/Content/Lab/Materials/MI_DistillerLiquid.uasset" 1193
"D:/Unreal-Projects/ObservationDuty/Content/Lab/Materials/MI_DistillerLiquid.uexp" 1194
"D:/Unreal-Projects/ObservationDuty/Content/Lab/Meshes/SM_Distiller.ubulk" 1195
"D:/Unreal-Projects/ObservationDuty/Content/Lab/Meshes/SM_Distiller.uasset" 1196
"D:/Unreal-Projects/ObservationDuty/Content/Lab/Meshes/SM_Distiller.uexp" 1197
"D:/Unreal-Projects/ObservationDuty/Content/Lab/Meshes/SM_ErlenmeyerFlask.ubulk" 1198
"D:/Unreal-Projects/ObservationDuty/Content/Lab/Meshes/SM_ErlenmeyerFlask.uasset" 1199
"D:/Unreal-Projects/ObservationDuty/Content/Lab/Meshes/SM_ErlenmeyerFlask.uexp" 1200
"D:/Unreal-Projects/ObservationDuty/Content/Lab/Textures/T_Fridge_BC.ubulk" 1201
"D:/Unreal-Projects/ObservationDuty/Content/Lab/Textures/T_Fridge_BC.uasset" 1202
"D:/Unreal-Projects/ObservationDuty/Content/Lab/Textures/T_Fridge_BC.uexp" 1203
"D:/Unreal-Projects/ObservationDuty/Content/Lab/Textures/T_Fridge_M.ubulk" 1204
"D:/Unreal-Projects/ObservationDuty/Content/Lab/Textures/T_Fridge_M.uasset" 1205
"D:/Unreal-Projects/ObservationDuty/Content/Lab/Textures/T_Fridge_M.uexp" 1206
"D:/Unreal-Projects/ObservationDuty/Content/Lab/Textures/T_Fridge_N.ubulk" 1207
"D:/Unreal-Projects/ObservationDuty/Content/Lab/Textures/T_Fridge_N.uasset" 1208
"D:/Unreal-Projects/ObservationDuty/Content/Lab/Textures/T_Fridge_N.uexp" 1209
"D:/Unreal-Projects/ObservationDuty/Content/Lab/Textures/T_Fridge_ORM.ubulk" 1210
"D:/Unreal-Projects/ObservationDuty/Content/Lab/Textures/T_Fridge_ORM.uasset" 1211
"D:/Unreal-Projects/ObservationDuty/Content/Lab/Textures/T_Fridge_ORM.uexp" 1212
"D:/Unreal-Projects/ObservationDuty/Content/Lab/Materials/M_Refrigerator.uasset" 1213
"D:/Unreal-Projects/ObservationDuty/Content/Lab/Materials/M_Refrigerator.uexp" 1214
"D:/Unreal-Projects/ObservationDuty/Content/Lab/Meshes/SM_Fridge.ubulk" 1215
"D:/Unreal-Projects/ObservationDuty/Content/Lab/Meshes/SM_Fridge.uasset" 1216
"D:/Unreal-Projects/ObservationDuty/Content/Lab/Meshes/SM_Fridge.uexp" 1217
"D:/Unreal-Projects/ObservationDuty/Content/Lab/Materials/MI_FridgeGlass.uasset" 1218
"D:/Unreal-Projects/ObservationDuty/Content/Lab/Materials/MI_FridgeGlass.uexp" 1219
"D:/Unreal-Projects/ObservationDuty/Content/Lab/Meshes/SM_FridgeDoor.ubulk" 1220
"D:/Unreal-Projects/ObservationDuty/Content/Lab/Meshes/SM_FridgeDoor.uasset" 1221
"D:/Unreal-Projects/ObservationDuty/Content/Lab/Meshes/SM_FridgeDoor.uexp" 1222
"D:/Unreal-Projects/ObservationDuty/Content/Lab/Materials/M_Light.uasset" 1223
"D:/Unreal-Projects/ObservationDuty/Content/Lab/Materials/M_Light.uexp" 1224
"D:/Unreal-Projects/ObservationDuty/Content/Lab/Textures/T_LabShelf_BC.ubulk" 1225
"D:/Unreal-Projects/ObservationDuty/Content/Lab/Textures/T_LabShelf_BC.uasset" 1226
"D:/Unreal-Projects/ObservationDuty/Content/Lab/Textures/T_LabShelf_BC.uexp" 1227
"D:/Unreal-Projects/ObservationDuty/Content/Lab/Textures/T_LabShelf_N.ubulk" 1228
"D:/Unreal-Projects/ObservationDuty/Content/Lab/Textures/T_LabShelf_N.uasset" 1229
"D:/Unreal-Projects/ObservationDuty/Content/Lab/Textures/T_LabShelf_N.uexp" 1230
"D:/Unreal-Projects/ObservationDuty/Content/Lab/Textures/T_LabShelf_ORM.ubulk" 1231
"D:/Unreal-Projects/ObservationDuty/Content/Lab/Textures/T_LabShelf_ORM.uasset" 1232
"D:/Unreal-Projects/ObservationDuty/Content/Lab/Textures/T_LabShelf_ORM.uexp" 1233
"D:/Unreal-Projects/ObservationDuty/Content/Lab/Materials/MI_Shelf.uasset" 1234
"D:/Unreal-Projects/ObservationDuty/Content/Lab/Materials/MI_Shelf.uexp" 1235
"D:/Unreal-Projects/ObservationDuty/Content/Lab/Meshes/SM_LabShelf.ubulk" 1236
"D:/Unreal-Projects/ObservationDuty/Content/Lab/Meshes/SM_LabShelf.uasset" 1237
"D:/Unreal-Projects/ObservationDuty/Content/Lab/Meshes/SM_LabShelf.uexp" 1238
"D:/Unreal-Projects/ObservationDuty/Content/Lab/Meshes/SM_Microscope.ubulk" 1239
"D:/Unreal-Projects/ObservationDuty/Content/Lab/Meshes/SM_Microscope.uasset" 1240
"D:/Unreal-Projects/ObservationDuty/Content/Lab/Meshes/SM_Microscope.uexp" 1241
"D:/Unreal-Projects/ObservationDuty/Content/Lab/Textures/T_Press_BC.ubulk" 1242
"D:/Unreal-Projects/ObservationDuty/Content/Lab/Textures/T_Press_BC.uasset" 1243
"D:/Unreal-Projects/ObservationDuty/Content/Lab/Textures/T_Press_BC.uexp" 1244
"D:/Unreal-Projects/ObservationDuty/Content/Lab/Textures/T_Press_N.ubulk" 1245
"D:/Unreal-Projects/ObservationDuty/Content/Lab/Textures/T_Press_N.uasset" 1246
"D:/Unreal-Projects/ObservationDuty/Content/Lab/Textures/T_Press_N.uexp" 1247
"D:/Unreal-Projects/ObservationDuty/Content/Lab/Textures/T_Press_ORM.ubulk" 1248
"D:/Unreal-Projects/ObservationDuty/Content/Lab/Textures/T_Press_ORM.uasset" 1249
"D:/Unreal-Projects/ObservationDuty/Content/Lab/Textures/T_Press_ORM.uexp" 1250
"D:/Unreal-Projects/ObservationDuty/Content/Lab/Materials/MI_Press.uasset" 1251
"D:/Unreal-Projects/ObservationDuty/Content/Lab/Materials/MI_Press.uexp" 1252
"D:/Unreal-Projects/ObservationDuty/Content/Lab/Meshes/SM_Press.ubulk" 1253
"D:/Unreal-Projects/ObservationDuty/Content/Lab/Meshes/SM_Press.uasset" 1254
"D:/Unreal-Projects/ObservationDuty/Content/Lab/Meshes/SM_Press.uexp" 1255
"D:/Unreal-Projects/ObservationDuty/Content/Lab/Textures/T_Stool_BC.ubulk" 1256
"D:/Unreal-Projects/ObservationDuty/Content/Lab/Textures/T_Stool_BC.uasset" 1257
"D:/Unreal-Projects/ObservationDuty/Content/Lab/Textures/T_Stool_BC.uexp" 1258
"D:/Unreal-Projects/ObservationDuty/Content/Lab/Textures/T_Stool_N.ubulk" 1259
"D:/Unreal-Projects/ObservationDuty/Content/Lab/Textures/T_Stool_N.uasset" 1260
"D:/Unreal-Projects/ObservationDuty/Content/Lab/Textures/T_Stool_N.uexp" 1261
"D:/Unreal-Projects/ObservationDuty/Content/Lab/Textures/T_Stool_ORM.ubulk" 1262
"D:/Unreal-Projects/ObservationDuty/Content/Lab/Textures/T_Stool_ORM.uasset" 1263
"D:/Unreal-Projects/ObservationDuty/Content/Lab/Textures/T_Stool_ORM.uexp" 1264
"D:/Unreal-Projects/ObservationDuty/Content/Lab/Materials/MI_Stool.uasset" 1265
"D:/Unreal-Projects/ObservationDuty/Content/Lab/Materials/MI_Stool.uexp" 1266
"D:/Unreal-Projects/ObservationDuty/Content/Lab/Meshes/SM_Stool.ubulk" 1267
"D:/Unreal-Projects/ObservationDuty/Content/Lab/Meshes/SM_Stool.uasset" 1268
"D:/Unreal-Projects/ObservationDuty/Content/Lab/Meshes/SM_Stool.uexp" 1269
"D:/Unreal-Projects/ObservationDuty/Content/Lab/Textures/T_TestTubes_BC.ubulk" 1270
"D:/Unreal-Projects/ObservationDuty/Content/Lab/Textures/T_TestTubes_BC.uasset" 1271
"D:/Unreal-Projects/ObservationDuty/Content/Lab/Textures/T_TestTubes_BC.uexp" 1272
"D:/Unreal-Projects/ObservationDuty/Content/Lab/Textures/T_TestTubes_ORM.ubulk" 1273
"D:/Unreal-Projects/ObservationDuty/Content/Lab/Textures/T_TestTubes_ORM.uasset" 1274
"D:/Unreal-Projects/ObservationDuty/Content/Lab/Textures/T_TestTubes_ORM.uexp" 1275
"D:/Unreal-Projects/ObservationDuty/Content/Lab/Materials/MI_TestTubesHolder.uasset" 1276
"D:/Unreal-Projects/ObservationDuty/Content/Lab/Materials/MI_TestTubesHolder.uexp" 1277
"D:/Unreal-Projects/ObservationDuty/Content/Lab/Meshes/SM_TestTubeHolder.ubulk" 1278
"D:/Unreal-Projects/ObservationDuty/Content/Lab/Meshes/SM_TestTubeHolder.uasset" 1279
"D:/Unreal-Projects/ObservationDuty/Content/Lab/Meshes/SM_TestTubeHolder.uexp" 1280
"D:/Unreal-Projects/ObservationDuty/Content/Lab/Materials/MI_TestTubesGlass.uasset" 1281
"D:/Unreal-Projects/ObservationDuty/Content/Lab/Materials/MI_TestTubesGlass.uexp" 1282
"D:/Unreal-Projects/ObservationDuty/Content/Lab/Materials/MI_TestTubeLiquid.uasset" 1283
"D:/Unreal-Projects/ObservationDuty/Content/Lab/Materials/MI_TestTubeLiquid.uexp" 1284
"D:/Unreal-Projects/ObservationDuty/Content/Lab/Materials/MI_TestTubes.uasset" 1285
"D:/Unreal-Projects/ObservationDuty/Content/Lab/Materials/MI_TestTubes.uexp" 1286
"D:/Unreal-Projects/ObservationDuty/Content/Lab/Meshes/SM_TestTubeHolderFullFilled.ubulk" 1287
"D:/Unreal-Projects/ObservationDuty/Content/Lab/Meshes/SM_TestTubeHolderFullFilled.uasset" 1288
"D:/Unreal-Projects/ObservationDuty/Content/Lab/Meshes/SM_TestTubeHolderFullFilled.uexp" 1289
"D:/Unreal-Projects/ObservationDuty/Content/Lab/Meshes/SM_TestTubeHolderHalfFilled.ubulk" 1290
"D:/Unreal-Projects/ObservationDuty/Content/Lab/Meshes/SM_TestTubeHolderHalfFilled.uasset" 1291
"D:/Unreal-Projects/ObservationDuty/Content/Lab/Meshes/SM_TestTubeHolderHalfFilled.uexp" 1292
"D:/Unreal-Projects/ObservationDuty/Content/Lab/Meshes/SM_TestTube_Covered.ubulk" 1293
"D:/Unreal-Projects/ObservationDuty/Content/Lab/Meshes/SM_TestTube_Covered.uasset" 1294
"D:/Unreal-Projects/ObservationDuty/Content/Lab/Meshes/SM_TestTube_Covered.uexp" 1295
"D:/Unreal-Projects/ObservationDuty/Content/Lab/Meshes/SM_TestTube_Filled.ubulk" 1296
"D:/Unreal-Projects/ObservationDuty/Content/Lab/Meshes/SM_TestTube_Filled.uasset" 1297
"D:/Unreal-Projects/ObservationDuty/Content/Lab/Meshes/SM_TestTube_Filled.uexp" 1298
"D:/Unreal-Projects/ObservationDuty/Content/Lab/Textures/T_UltrasonicCleaner_BC.ubulk" 1299
"D:/Unreal-Projects/ObservationDuty/Content/Lab/Textures/T_UltrasonicCleaner_BC.uasset" 1300
"D:/Unreal-Projects/ObservationDuty/Content/Lab/Textures/T_UltrasonicCleaner_BC.uexp" 1301
"D:/Unreal-Projects/ObservationDuty/Content/Lab/Textures/T_UltrasonicCleaner_N.ubulk" 1302
"D:/Unreal-Projects/ObservationDuty/Content/Lab/Textures/T_UltrasonicCleaner_N.uasset" 1303
"D:/Unreal-Projects/ObservationDuty/Content/Lab/Textures/T_UltrasonicCleaner_N.uexp" 1304
"D:/Unreal-Projects/ObservationDuty/Content/Lab/Textures/T_UltrasonicCleaner_ORM.ubulk" 1305
"D:/Unreal-Projects/ObservationDuty/Content/Lab/Textures/T_UltrasonicCleaner_ORM.uasset" 1306
"D:/Unreal-Projects/ObservationDuty/Content/Lab/Textures/T_UltrasonicCleaner_ORM.uexp" 1307
"D:/Unreal-Projects/ObservationDuty/Content/Lab/Materials/MI_UltrasonicCleaner.uasset" 1308
"D:/Unreal-Projects/ObservationDuty/Content/Lab/Materials/MI_UltrasonicCleaner.uexp" 1309
"D:/Unreal-Projects/ObservationDuty/Content/Lab/Meshes/SM_UltrasonicCleaner.ubulk" 1310
"D:/Unreal-Projects/ObservationDuty/Content/Lab/Meshes/SM_UltrasonicCleaner.uasset" 1311
"D:/Unreal-Projects/ObservationDuty/Content/Lab/Meshes/SM_UltrasonicCleaner.uexp" 1312
"D:/Unreal-Projects/ObservationDuty/Content/Lab/Textures/T_VortexMixer_BC.ubulk" 1313
"D:/Unreal-Projects/ObservationDuty/Content/Lab/Textures/T_VortexMixer_BC.uasset" 1314
"D:/Unreal-Projects/ObservationDuty/Content/Lab/Textures/T_VortexMixer_BC.uexp" 1315
"D:/Unreal-Projects/ObservationDuty/Content/Lab/Textures/T_VortexMixer_N.ubulk" 1316
"D:/Unreal-Projects/ObservationDuty/Content/Lab/Textures/T_VortexMixer_N.uasset" 1317
"D:/Unreal-Projects/ObservationDuty/Content/Lab/Textures/T_VortexMixer_N.uexp" 1318
"D:/Unreal-Projects/ObservationDuty/Content/Lab/Textures/T_VortexMixer_ORM.ubulk" 1319
"D:/Unreal-Projects/ObservationDuty/Content/Lab/Textures/T_VortexMixer_ORM.uasset" 1320
"D:/Unreal-Projects/ObservationDuty/Content/Lab/Textures/T_VortexMixer_ORM.uexp" 1321
"D:/Unreal-Projects/ObservationDuty/Content/Lab/Materials/MI_VortexMixer.uasset" 1322
"D:/Unreal-Projects/ObservationDuty/Content/Lab/Materials/MI_VortexMixer.uexp" 1323
"D:/Unreal-Projects/ObservationDuty/Content/Lab/Meshes/SM_VortexMixer.ubulk" 1324
"D:/Unreal-Projects/ObservationDuty/Content/Lab/Meshes/SM_VortexMixer.uasset" 1325
"D:/Unreal-Projects/ObservationDuty/Content/Lab/Meshes/SM_VortexMixer.uexp" 1326
"D:/Unreal-Projects/ObservationDuty/Content/Lab/Textures/T_Worktable_BC.ubulk" 1327
"D:/Unreal-Projects/ObservationDuty/Content/Lab/Textures/T_Worktable_BC.uasset" 1328
"D:/Unreal-Projects/ObservationDuty/Content/Lab/Textures/T_Worktable_BC.uexp" 1329
"D:/Unreal-Projects/ObservationDuty/Content/Lab/Textures/T_Worktable_N.ubulk" 1330
"D:/Unreal-Projects/ObservationDuty/Content/Lab/Textures/T_Worktable_N.uasset" 1331
"D:/Unreal-Projects/ObservationDuty/Content/Lab/Textures/T_Worktable_N.uexp" 1332
"D:/Unreal-Projects/ObservationDuty/Content/Lab/Textures/T_Worktable_ORM.ubulk" 1333
"D:/Unreal-Projects/ObservationDuty/Content/Lab/Textures/T_Worktable_ORM.uasset" 1334
"D:/Unreal-Projects/ObservationDuty/Content/Lab/Textures/T_Worktable_ORM.uexp" 1335
"D:/Unreal-Projects/ObservationDuty/Content/Lab/Materials/MI_WorkTable.uasset" 1336
"D:/Unreal-Projects/ObservationDuty/Content/Lab/Materials/MI_WorkTable.uexp" 1337
"D:/Unreal-Projects/ObservationDuty/Content/Lab/Meshes/SM_Worktable.ubulk" 1338
"D:/Unreal-Projects/ObservationDuty/Content/Lab/Meshes/SM_Worktable.uasset" 1339
"D:/Unreal-Projects/ObservationDuty/Content/Lab/Meshes/SM_Worktable.uexp" 1340
"D:/Unreal-Projects/ObservationDuty/Content/Materials/Basic/EmisWhite.uasset" 1341
"D:/Unreal-Projects/ObservationDuty/Content/Materials/Basic/EmisWhite.uexp" 1342
"D:/Unreal-Projects/ObservationDuty/Content/Materials/BlockWindow/GlassBloks_albedo.ubulk" 1343
"D:/Unreal-Projects/ObservationDuty/Content/Materials/BlockWindow/GlassBloks_albedo.uasset" 1344
"D:/Unreal-Projects/ObservationDuty/Content/Materials/BlockWindow/GlassBloks_albedo.uexp" 1345
"D:/Unreal-Projects/ObservationDuty/Content/Materials/BlockWindow/M_BlockWindow.uasset" 1346
"D:/Unreal-Projects/ObservationDuty/Content/Materials/BlockWindow/M_BlockWindow.uexp" 1347
"../../../Engine/Content/Functions/Engine_MaterialFunctions02/Texturing/CustomRotator.uasset" 1348
"../../../Engine/Content/Functions/Engine_MaterialFunctions02/Texturing/CustomRotator.uexp" 1349
"D:/Unreal-Projects/ObservationDuty/Content/Materials/Bricks/Bricks038_4K-JPG_AmbientOcclusion.ubulk" 1350
"D:/Unreal-Projects/ObservationDuty/Content/Materials/Bricks/Bricks038_4K-JPG_AmbientOcclusion.uasset" 1351
"D:/Unreal-Projects/ObservationDuty/Content/Materials/Bricks/Bricks038_4K-JPG_AmbientOcclusion.uexp" 1352
"D:/Unreal-Projects/ObservationDuty/Content/Materials/Bricks/Bricks038_4K-JPG_Color.ubulk" 1353
"D:/Unreal-Projects/ObservationDuty/Content/Materials/Bricks/Bricks038_4K-JPG_Color.uasset" 1354
"D:/Unreal-Projects/ObservationDuty/Content/Materials/Bricks/Bricks038_4K-JPG_Color.uexp" 1355
"D:/Unreal-Projects/ObservationDuty/Content/Materials/Bricks/Bricks038_4K-JPG_NormalDX.ubulk" 1356
"D:/Unreal-Projects/ObservationDuty/Content/Materials/Bricks/Bricks038_4K-JPG_NormalDX.uasset" 1357
"D:/Unreal-Projects/ObservationDuty/Content/Materials/Bricks/Bricks038_4K-JPG_NormalDX.uexp" 1358
"D:/Unreal-Projects/ObservationDuty/Content/Materials/Bricks/Bricks038_4K-JPG_Roughness.ubulk" 1359
"D:/Unreal-Projects/ObservationDuty/Content/Materials/Bricks/Bricks038_4K-JPG_Roughness.uasset" 1360
"D:/Unreal-Projects/ObservationDuty/Content/Materials/Bricks/Bricks038_4K-JPG_Roughness.uexp" 1361
"D:/Unreal-Projects/ObservationDuty/Content/Materials/Bricks/M_WallBricks.uasset" 1362
"D:/Unreal-Projects/ObservationDuty/Content/Materials/Bricks/M_WallBricks.uexp" 1363
"D:/Unreal-Projects/ObservationDuty/Content/Materials/Plaster/Plaster001_4K-JPG_Color.ubulk" 1364
"D:/Unreal-Projects/ObservationDuty/Content/Materials/Plaster/Plaster001_4K-JPG_Color.uasset" 1365
"D:/Unreal-Projects/ObservationDuty/Content/Materials/Plaster/Plaster001_4K-JPG_Color.uexp" 1366
"D:/Unreal-Projects/ObservationDuty/Content/Materials/Plaster/Plaster001_4K-JPG_NormalDX.ubulk" 1367
"D:/Unreal-Projects/ObservationDuty/Content/Materials/Plaster/Plaster001_4K-JPG_NormalDX.uasset" 1368
"D:/Unreal-Projects/ObservationDuty/Content/Materials/Plaster/Plaster001_4K-JPG_NormalDX.uexp" 1369
"D:/Unreal-Projects/ObservationDuty/Content/Materials/Plaster/Plaster001_4K-JPG_Roughness.ubulk" 1370
"D:/Unreal-Projects/ObservationDuty/Content/Materials/Plaster/Plaster001_4K-JPG_Roughness.uasset" 1371
"D:/Unreal-Projects/ObservationDuty/Content/Materials/Plaster/Plaster001_4K-JPG_Roughness.uexp" 1372
"D:/Unreal-Projects/ObservationDuty/Content/Materials/Plaster/M_Plaster.uasset" 1373
"D:/Unreal-Projects/ObservationDuty/Content/Materials/Plaster/M_Plaster.uexp" 1374
"D:/Unreal-Projects/ObservationDuty/Content/Materials/PolishedConcrete/Concrete034_4K-JPG_Color.ubulk" 1375
"D:/Unreal-Projects/ObservationDuty/Content/Materials/PolishedConcrete/Concrete034_4K-JPG_Color.uasset" 1376
"D:/Unreal-Projects/ObservationDuty/Content/Materials/PolishedConcrete/Concrete034_4K-JPG_Color.uexp" 1377
"D:/Unreal-Projects/ObservationDuty/Content/Materials/PolishedConcrete/Concrete034_4K-JPG_NormalDX.ubulk" 1378
"D:/Unreal-Projects/ObservationDuty/Content/Materials/PolishedConcrete/Concrete034_4K-JPG_NormalDX.uasset" 1379
"D:/Unreal-Projects/ObservationDuty/Content/Materials/PolishedConcrete/Concrete034_4K-JPG_NormalDX.uexp" 1380
"D:/Unreal-Projects/ObservationDuty/Content/Materials/PolishedConcrete/Concrete034_4K-JPG_Roughness.ubulk" 1381
"D:/Unreal-Projects/ObservationDuty/Content/Materials/PolishedConcrete/Concrete034_4K-JPG_Roughness.uasset" 1382
"D:/Unreal-Projects/ObservationDuty/Content/Materials/PolishedConcrete/Concrete034_4K-JPG_Roughness.uexp" 1383
"D:/Unreal-Projects/ObservationDuty/Content/Materials/PolishedConcrete/M_PolishedConcrete.uasset" 1384
"D:/Unreal-Projects/ObservationDuty/Content/Materials/PolishedConcrete/M_PolishedConcrete.uexp" 1385
"D:/Unreal-Projects/ObservationDuty/Content/Materials/Road/Road012A_4K-JPG_AmbientOcclusion.ubulk" 1386
"D:/Unreal-Projects/ObservationDuty/Content/Materials/Road/Road012A_4K-JPG_AmbientOcclusion.uasset" 1387
"D:/Unreal-Projects/ObservationDuty/Content/Materials/Road/Road012A_4K-JPG_AmbientOcclusion.uexp" 1388
"D:/Unreal-Projects/ObservationDuty/Content/Materials/Road/Road012A_4K-JPG_Color.ubulk" 1389
"D:/Unreal-Projects/ObservationDuty/Content/Materials/Road/Road012A_4K-JPG_Color.uasset" 1390
"D:/Unreal-Projects/ObservationDuty/Content/Materials/Road/Road012A_4K-JPG_Color.uexp" 1391
"D:/Unreal-Projects/ObservationDuty/Content/Materials/Road/Road012A_4K-JPG_NormalDX.ubulk" 1392
"D:/Unreal-Projects/ObservationDuty/Content/Materials/Road/Road012A_4K-JPG_NormalDX.uasset" 1393
"D:/Unreal-Projects/ObservationDuty/Content/Materials/Road/Road012A_4K-JPG_NormalDX.uexp" 1394
"D:/Unreal-Projects/ObservationDuty/Content/Materials/Road/Road012A_4K-JPG_Roughness.ubulk" 1395
"D:/Unreal-Projects/ObservationDuty/Content/Materials/Road/Road012A_4K-JPG_Roughness.uasset" 1396
"D:/Unreal-Projects/ObservationDuty/Content/Materials/Road/Road012A_4K-JPG_Roughness.uexp" 1397
"D:/Unreal-Projects/ObservationDuty/Content/Materials/Road/M_Road.uasset" 1398
"D:/Unreal-Projects/ObservationDuty/Content/Materials/Road/M_Road.uexp" 1399
"D:/Unreal-Projects/ObservationDuty/Content/Materials/Shadow/ShadowSprite.ubulk" 1400
"D:/Unreal-Projects/ObservationDuty/Content/Materials/Shadow/ShadowSprite.uasset" 1401
"D:/Unreal-Projects/ObservationDuty/Content/Materials/Shadow/ShadowSprite.uexp" 1402
"D:/Unreal-Projects/ObservationDuty/Content/Materials/Shadow/D_Shadow.uasset" 1403
"D:/Unreal-Projects/ObservationDuty/Content/Materials/Shadow/D_Shadow.uexp" 1404
"D:/Unreal-Projects/ObservationDuty/Content/Materials/Wallpaper/Wallpaper001A_4K-JPG_Color.ubulk" 1405
"D:/Unreal-Projects/ObservationDuty/Content/Materials/Wallpaper/Wallpaper001A_4K-JPG_Color.uasset" 1406
"D:/Unreal-Projects/ObservationDuty/Content/Materials/Wallpaper/Wallpaper001A_4K-JPG_Color.uexp" 1407
"D:/Unreal-Projects/ObservationDuty/Content/Materials/Wallpaper/Wallpaper001A_4K-JPG_NormalDX.ubulk" 1408
"D:/Unreal-Projects/ObservationDuty/Content/Materials/Wallpaper/Wallpaper001A_4K-JPG_NormalDX.uasset" 1409
"D:/Unreal-Projects/ObservationDuty/Content/Materials/Wallpaper/Wallpaper001A_4K-JPG_NormalDX.uexp" 1410
"D:/Unreal-Projects/ObservationDuty/Content/Materials/Wallpaper/Wallpaper001A_4K-JPG_Roughness.ubulk" 1411
"D:/Unreal-Projects/ObservationDuty/Content/Materials/Wallpaper/Wallpaper001A_4K-JPG_Roughness.uasset" 1412
"D:/Unreal-Projects/ObservationDuty/Content/Materials/Wallpaper/Wallpaper001A_4K-JPG_Roughness.uexp" 1413
"D:/Unreal-Projects/ObservationDuty/Content/Materials/Wallpaper/M_Wallpaper.uasset" 1414
"D:/Unreal-Projects/ObservationDuty/Content/Materials/Wallpaper/M_Wallpaper.uexp" 1415
"D:/Unreal-Projects/ObservationDuty/Content/Models/AisleSign/Textures/Aisle_AsileSign_BaseColor.ubulk" 1416
"D:/Unreal-Projects/ObservationDuty/Content/Models/AisleSign/Textures/Aisle_AsileSign_BaseColor.uasset" 1417
"D:/Unreal-Projects/ObservationDuty/Content/Models/AisleSign/Textures/Aisle_AsileSign_BaseColor.uexp" 1418
"D:/Unreal-Projects/ObservationDuty/Content/Models/AisleSign/Textures/Aisle_AsileSign_Normal.ubulk" 1419
"D:/Unreal-Projects/ObservationDuty/Content/Models/AisleSign/Textures/Aisle_AsileSign_Normal.uasset" 1420
"D:/Unreal-Projects/ObservationDuty/Content/Models/AisleSign/Textures/Aisle_AsileSign_Normal.uexp" 1421
"D:/Unreal-Projects/ObservationDuty/Content/Models/AisleSign/Textures/Aisle_AsileSign_OcclusionRoughnessMetallic.ubulk" 1422
"D:/Unreal-Projects/ObservationDuty/Content/Models/AisleSign/Textures/Aisle_AsileSign_OcclusionRoughnessMetallic.uasset" 1423
"D:/Unreal-Projects/ObservationDuty/Content/Models/AisleSign/Textures/Aisle_AsileSign_OcclusionRoughnessMetallic.uexp" 1424
"D:/Unreal-Projects/ObservationDuty/Content/Models/AisleSign/M_Aisle.uasset" 1425
"D:/Unreal-Projects/ObservationDuty/Content/Models/AisleSign/M_Aisle.uexp" 1426
"D:/Unreal-Projects/ObservationDuty/Content/Models/AisleSign/Aisle.ubulk" 1427
"D:/Unreal-Projects/ObservationDuty/Content/Models/AisleSign/Aisle.uasset" 1428
"D:/Unreal-Projects/ObservationDuty/Content/Models/AisleSign/Aisle.uexp" 1429
"D:/Unreal-Projects/ObservationDuty/Content/Models/First-Aid/Textures/Medic_Kit_albedo.ubulk" 1430
"D:/Unreal-Projects/ObservationDuty/Content/Models/First-Aid/Textures/Medic_Kit_albedo.uasset" 1431
"D:/Unreal-Projects/ObservationDuty/Content/Models/First-Aid/Textures/Medic_Kit_albedo.uexp" 1432
"D:/Unreal-Projects/ObservationDuty/Content/Models/First-Aid/Textures/standardSurface15_metallic.ubulk" 1433
"D:/Unreal-Projects/ObservationDuty/Content/Models/First-Aid/Textures/standardSurface15_metallic.uasset" 1434
"D:/Unreal-Projects/ObservationDuty/Content/Models/First-Aid/Textures/standardSurface15_metallic.uexp" 1435
"D:/Unreal-Projects/ObservationDuty/Content/Models/First-Aid/Textures/standardSurface15_normal.ubulk" 1436
"D:/Unreal-Projects/ObservationDuty/Content/Models/First-Aid/Textures/standardSurface15_normal.uasset" 1437
"D:/Unreal-Projects/ObservationDuty/Content/Models/First-Aid/Textures/standardSurface15_normal.uexp" 1438
"D:/Unreal-Projects/ObservationDuty/Content/Models/First-Aid/Textures/standardSurface15_opacity.ubulk" 1439
"D:/Unreal-Projects/ObservationDuty/Content/Models/First-Aid/Textures/standardSurface15_opacity.uasset" 1440
"D:/Unreal-Projects/ObservationDuty/Content/Models/First-Aid/Textures/standardSurface15_opacity.uexp" 1441
"D:/Unreal-Projects/ObservationDuty/Content/Models/First-Aid/Textures/standardSurface15_roughness.ubulk" 1442
"D:/Unreal-Projects/ObservationDuty/Content/Models/First-Aid/Textures/standardSurface15_roughness.uasset" 1443
"D:/Unreal-Projects/ObservationDuty/Content/Models/First-Aid/Textures/standardSurface15_roughness.uexp" 1444
"D:/Unreal-Projects/ObservationDuty/Content/Models/First-Aid/Textures/M_FirstAid.uasset" 1445
"D:/Unreal-Projects/ObservationDuty/Content/Models/First-Aid/Textures/M_FirstAid.uexp" 1446
"D:/Unreal-Projects/ObservationDuty/Content/Models/First-Aid/Additive.ubulk" 1447
"D:/Unreal-Projects/ObservationDuty/Content/Models/First-Aid/Additive.uasset" 1448
"D:/Unreal-Projects/ObservationDuty/Content/Models/First-Aid/Additive.uexp" 1449
"D:/Unreal-Projects/ObservationDuty/Content/Models/First-Aid/Alcohol.ubulk" 1450
"D:/Unreal-Projects/ObservationDuty/Content/Models/First-Aid/Alcohol.uasset" 1451
"D:/Unreal-Projects/ObservationDuty/Content/Models/First-Aid/Alcohol.uexp" 1452
"D:/Unreal-Projects/ObservationDuty/Content/Models/First-Aid/BandAidRoll.ubulk" 1453
"D:/Unreal-Projects/ObservationDuty/Content/Models/First-Aid/BandAidRoll.uasset" 1454
"D:/Unreal-Projects/ObservationDuty/Content/Models/First-Aid/BandAidRoll.uexp" 1455
"D:/Unreal-Projects/ObservationDuty/Content/Models/First-Aid/Barbiturics.ubulk" 1456
"D:/Unreal-Projects/ObservationDuty/Content/Models/First-Aid/Barbiturics.uasset" 1457
"D:/Unreal-Projects/ObservationDuty/Content/Models/First-Aid/Barbiturics.uexp" 1458
"D:/Unreal-Projects/ObservationDuty/Content/Models/First-Aid/Biiotics3.ubulk" 1459
"D:/Unreal-Projects/ObservationDuty/Content/Models/First-Aid/Biiotics3.uasset" 1460
"D:/Unreal-Projects/ObservationDuty/Content/Models/First-Aid/Biiotics3.uexp" 1461
"D:/Unreal-Projects/ObservationDuty/Content/Models/First-Aid/BurnCream.ubulk" 1462
"D:/Unreal-Projects/ObservationDuty/Content/Models/First-Aid/BurnCream.uasset" 1463
"D:/Unreal-Projects/ObservationDuty/Content/Models/First-Aid/BurnCream.uexp" 1464
"D:/Unreal-Projects/ObservationDuty/Content/Models/First-Aid/Cotton.ubulk" 1465
"D:/Unreal-Projects/ObservationDuty/Content/Models/First-Aid/Cotton.uasset" 1466
"D:/Unreal-Projects/ObservationDuty/Content/Models/First-Aid/Cotton.uexp" 1467
"D:/Unreal-Projects/ObservationDuty/Content/Models/First-Aid/DamageCream.ubulk" 1468
"D:/Unreal-Projects/ObservationDuty/Content/Models/First-Aid/DamageCream.uasset" 1469
"D:/Unreal-Projects/ObservationDuty/Content/Models/First-Aid/DamageCream.uexp" 1470
"D:/Unreal-Projects/ObservationDuty/Content/Models/First-Aid/HydrantCream.ubulk" 1471
"D:/Unreal-Projects/ObservationDuty/Content/Models/First-Aid/HydrantCream.uasset" 1472
"D:/Unreal-Projects/ObservationDuty/Content/Models/First-Aid/HydrantCream.uexp" 1473
"D:/Unreal-Projects/ObservationDuty/Content/Models/First-Aid/HydroCream.ubulk" 1474
"D:/Unreal-Projects/ObservationDuty/Content/Models/First-Aid/HydroCream.uasset" 1475
"D:/Unreal-Projects/ObservationDuty/Content/Models/First-Aid/HydroCream.uexp" 1476
"D:/Unreal-Projects/ObservationDuty/Content/Models/First-Aid/MedicalPackage.ubulk" 1477
"D:/Unreal-Projects/ObservationDuty/Content/Models/First-Aid/MedicalPackage.uasset" 1478
"D:/Unreal-Projects/ObservationDuty/Content/Models/First-Aid/MedicalPackage.uexp" 1479
"D:/Unreal-Projects/ObservationDuty/Content/Models/First-Aid/MicroTools.ubulk" 1480
"D:/Unreal-Projects/ObservationDuty/Content/Models/First-Aid/MicroTools.uasset" 1481
"D:/Unreal-Projects/ObservationDuty/Content/Models/First-Aid/MicroTools.uexp" 1482
"D:/Unreal-Projects/ObservationDuty/Content/Models/First-Aid/MiniAidBox.ubulk" 1483
"D:/Unreal-Projects/ObservationDuty/Content/Models/First-Aid/MiniAidBox.uasset" 1484
"D:/Unreal-Projects/ObservationDuty/Content/Models/First-Aid/MiniAidBox.uexp" 1485
"D:/Unreal-Projects/ObservationDuty/Content/Models/First-Aid/OxyWater.ubulk" 1486
"D:/Unreal-Projects/ObservationDuty/Content/Models/First-Aid/OxyWater.uasset" 1487
"D:/Unreal-Projects/ObservationDuty/Content/Models/First-Aid/OxyWater.uexp" 1488
"D:/Unreal-Projects/ObservationDuty/Content/Models/First-Aid/PillFlask.ubulk" 1489
"D:/Unreal-Projects/ObservationDuty/Content/Models/First-Aid/PillFlask.uasset" 1490
"D:/Unreal-Projects/ObservationDuty/Content/Models/First-Aid/PillFlask.uexp" 1491
"D:/Unreal-Projects/ObservationDuty/Content/Models/First-Aid/polySurface39.ubulk" 1492
"D:/Unreal-Projects/ObservationDuty/Content/Models/First-Aid/polySurface39.uasset" 1493
"D:/Unreal-Projects/ObservationDuty/Content/Models/First-Aid/polySurface39.uexp" 1494
"D:/Unreal-Projects/ObservationDuty/Content/Models/First-Aid/SpecialBarbiturics.ubulk" 1495
"D:/Unreal-Projects/ObservationDuty/Content/Models/First-Aid/SpecialBarbiturics.uasset" 1496
"D:/Unreal-Projects/ObservationDuty/Content/Models/First-Aid/SpecialBarbiturics.uexp" 1497
"D:/Unreal-Projects/ObservationDuty/Content/Models/First-Aid/Spinle1.ubulk" 1498
"D:/Unreal-Projects/ObservationDuty/Content/Models/First-Aid/Spinle1.uasset" 1499
"D:/Unreal-Projects/ObservationDuty/Content/Models/First-Aid/Spinle1.uexp" 1500
"D:/Unreal-Projects/ObservationDuty/Content/Models/First-Aid/Topionic4.ubulk" 1501
"D:/Unreal-Projects/ObservationDuty/Content/Models/First-Aid/Topionic4.uasset" 1502
"D:/Unreal-Projects/ObservationDuty/Content/Models/First-Aid/Topionic4.uexp" 1503
"D:/Unreal-Projects/ObservationDuty/Content/Models/First-Aid/Topionics.ubulk" 1504
"D:/Unreal-Projects/ObservationDuty/Content/Models/First-Aid/Topionics.uasset" 1505
"D:/Unreal-Projects/ObservationDuty/Content/Models/First-Aid/Topionics.uexp" 1506
"D:/Unreal-Projects/ObservationDuty/Content/Models/ParkingSign/Textures/ParkingSign_ParkingSign_BaseColor.ubulk" 1507
"D:/Unreal-Projects/ObservationDuty/Content/Models/ParkingSign/Textures/ParkingSign_ParkingSign_BaseColor.uasset" 1508
"D:/Unreal-Projects/ObservationDuty/Content/Models/ParkingSign/Textures/ParkingSign_ParkingSign_BaseColor.uexp" 1509
"D:/Unreal-Projects/ObservationDuty/Content/Models/ParkingSign/Textures/ParkingSign_ParkingSign_Normal.ubulk" 1510
"D:/Unreal-Projects/ObservationDuty/Content/Models/ParkingSign/Textures/ParkingSign_ParkingSign_Normal.uasset" 1511
"D:/Unreal-Projects/ObservationDuty/Content/Models/ParkingSign/Textures/ParkingSign_ParkingSign_Normal.uexp" 1512
"D:/Unreal-Projects/ObservationDuty/Content/Models/ParkingSign/Textures/ParkingSign_ParkingSign_OcclusionRoughnessMetallic.ubulk" 1513
"D:/Unreal-Projects/ObservationDuty/Content/Models/ParkingSign/Textures/ParkingSign_ParkingSign_OcclusionRoughnessMetallic.uasset" 1514
"D:/Unreal-Projects/ObservationDuty/Content/Models/ParkingSign/Textures/ParkingSign_ParkingSign_OcclusionRoughnessMetallic.uexp" 1515
"D:/Unreal-Projects/ObservationDuty/Content/Models/ParkingSign/M_ParkingSign.uasset" 1516
"D:/Unreal-Projects/ObservationDuty/Content/Models/ParkingSign/M_ParkingSign.uexp" 1517
"D:/Unreal-Projects/ObservationDuty/Content/Models/ParkingSign/ParkingSign.ubulk" 1518
"D:/Unreal-Projects/ObservationDuty/Content/Models/ParkingSign/ParkingSign.uasset" 1519
"D:/Unreal-Projects/ObservationDuty/Content/Models/ParkingSign/ParkingSign.uexp" 1520
"D:/Unreal-Projects/ObservationDuty/Content/Models/Register/model_0.ubulk" 1521
"D:/Unreal-Projects/ObservationDuty/Content/Models/Register/model_0.uasset" 1522
"D:/Unreal-Projects/ObservationDuty/Content/Models/Register/model_0.uexp" 1523
"D:/Unreal-Projects/ObservationDuty/Content/Models/Register/model_1.ubulk" 1524
"D:/Unreal-Projects/ObservationDuty/Content/Models/Register/model_1.uasset" 1525
"D:/Unreal-Projects/ObservationDuty/Content/Models/Register/model_1.uexp" 1526
"D:/Unreal-Projects/ObservationDuty/Content/Models/Register/cashRegister1_albedo.ubulk" 1527
"D:/Unreal-Projects/ObservationDuty/Content/Models/Register/cashRegister1_albedo.uasset" 1528
"D:/Unreal-Projects/ObservationDuty/Content/Models/Register/cashRegister1_albedo.uexp" 1529
"D:/Unreal-Projects/ObservationDuty/Content/Models/Register/cashRegister1_AO.ubulk" 1530
"D:/Unreal-Projects/ObservationDuty/Content/Models/Register/cashRegister1_AO.uasset" 1531
"D:/Unreal-Projects/ObservationDuty/Content/Models/Register/cashRegister1_AO.uexp" 1532
"D:/Unreal-Projects/ObservationDuty/Content/Models/Register/cashRegister1_emissive.ubulk" 1533
"D:/Unreal-Projects/ObservationDuty/Content/Models/Register/cashRegister1_emissive.uasset" 1534
"D:/Unreal-Projects/ObservationDuty/Content/Models/Register/cashRegister1_emissive.uexp" 1535
"D:/Unreal-Projects/ObservationDuty/Content/Models/Register/cashRegister1_metallic.ubulk" 1536
"D:/Unreal-Projects/ObservationDuty/Content/Models/Register/cashRegister1_metallic.uasset" 1537
"D:/Unreal-Projects/ObservationDuty/Content/Models/Register/cashRegister1_metallic.uexp" 1538
"D:/Unreal-Projects/ObservationDuty/Content/Models/Register/cashRegister1_normal.ubulk" 1539
"D:/Unreal-Projects/ObservationDuty/Content/Models/Register/cashRegister1_normal.uasset" 1540
"D:/Unreal-Projects/ObservationDuty/Content/Models/Register/cashRegister1_normal.uexp" 1541
"D:/Unreal-Projects/ObservationDuty/Content/Models/Register/cashRegister1_opacity.ubulk" 1542
"D:/Unreal-Projects/ObservationDuty/Content/Models/Register/cashRegister1_opacity.uasset" 1543
"D:/Unreal-Projects/ObservationDuty/Content/Models/Register/cashRegister1_opacity.uexp" 1544
"D:/Unreal-Projects/ObservationDuty/Content/Models/Register/cashRegister1_roughness.ubulk" 1545
"D:/Unreal-Projects/ObservationDuty/Content/Models/Register/cashRegister1_roughness.uasset" 1546
"D:/Unreal-Projects/ObservationDuty/Content/Models/Register/cashRegister1_roughness.uexp" 1547
"D:/Unreal-Projects/ObservationDuty/Content/Models/Register/M_Register1.uasset" 1548
"D:/Unreal-Projects/ObservationDuty/Content/Models/Register/M_Register1.uexp" 1549
"D:/Unreal-Projects/ObservationDuty/Content/Models/Register/cashRegister2_albedo.ubulk" 1550
"D:/Unreal-Projects/ObservationDuty/Content/Models/Register/cashRegister2_albedo.uasset" 1551
"D:/Unreal-Projects/ObservationDuty/Content/Models/Register/cashRegister2_albedo.uexp" 1552
"D:/Unreal-Projects/ObservationDuty/Content/Models/Register/cashRegister2_AO.ubulk" 1553
"D:/Unreal-Projects/ObservationDuty/Content/Models/Register/cashRegister2_AO.uasset" 1554
"D:/Unreal-Projects/ObservationDuty/Content/Models/Register/cashRegister2_AO.uexp" 1555
"D:/Unreal-Projects/ObservationDuty/Content/Models/Register/cashRegister2_metallic.ubulk" 1556
"D:/Unreal-Projects/ObservationDuty/Content/Models/Register/cashRegister2_metallic.uasset" 1557
"D:/Unreal-Projects/ObservationDuty/Content/Models/Register/cashRegister2_metallic.uexp" 1558
"D:/Unreal-Projects/ObservationDuty/Content/Models/Register/cashRegister2_normal.ubulk" 1559
"D:/Unreal-Projects/ObservationDuty/Content/Models/Register/cashRegister2_normal.uasset" 1560
"D:/Unreal-Projects/ObservationDuty/Content/Models/Register/cashRegister2_normal.uexp" 1561
"D:/Unreal-Projects/ObservationDuty/Content/Models/Register/cashRegister2_opacity.ubulk" 1562
"D:/Unreal-Projects/ObservationDuty/Content/Models/Register/cashRegister2_opacity.uasset" 1563
"D:/Unreal-Projects/ObservationDuty/Content/Models/Register/cashRegister2_opacity.uexp" 1564
"D:/Unreal-Projects/ObservationDuty/Content/Models/Register/cashRegister2_roughness.ubulk" 1565
"D:/Unreal-Projects/ObservationDuty/Content/Models/Register/cashRegister2_roughness.uasset" 1566
"D:/Unreal-Projects/ObservationDuty/Content/Models/Register/cashRegister2_roughness.uexp" 1567
"D:/Unreal-Projects/ObservationDuty/Content/Models/Register/M_Register2.uasset" 1568
"D:/Unreal-Projects/ObservationDuty/Content/Models/Register/M_Register2.uexp" 1569
"D:/Unreal-Projects/ObservationDuty/Content/Models/ShoppingCart/Textures/ShoppingCart_BaseColor.ubulk" 1570
"D:/Unreal-Projects/ObservationDuty/Content/Models/ShoppingCart/Textures/ShoppingCart_BaseColor.uasset" 1571
"D:/Unreal-Projects/ObservationDuty/Content/Models/ShoppingCart/Textures/ShoppingCart_BaseColor.uexp" 1572
"D:/Unreal-Projects/ObservationDuty/Content/Models/ShoppingCart/Textures/ShoppingCart_Metallic.ubulk" 1573
"D:/Unreal-Projects/ObservationDuty/Content/Models/ShoppingCart/Textures/ShoppingCart_Metallic.uasset" 1574
"D:/Unreal-Projects/ObservationDuty/Content/Models/ShoppingCart/Textures/ShoppingCart_Metallic.uexp" 1575
"D:/Unreal-Projects/ObservationDuty/Content/Models/ShoppingCart/Textures/ShoppingCart_Normal.ubulk" 1576
"D:/Unreal-Projects/ObservationDuty/Content/Models/ShoppingCart/Textures/ShoppingCart_Normal.uasset" 1577
"D:/Unreal-Projects/ObservationDuty/Content/Models/ShoppingCart/Textures/ShoppingCart_Normal.uexp" 1578
"D:/Unreal-Projects/ObservationDuty/Content/Models/ShoppingCart/Textures/ShoppingCart_Roughness.ubulk" 1579
"D:/Unreal-Projects/ObservationDuty/Content/Models/ShoppingCart/Textures/ShoppingCart_Roughness.uasset" 1580
"D:/Unreal-Projects/ObservationDuty/Content/Models/ShoppingCart/Textures/ShoppingCart_Roughness.uexp" 1581
"D:/Unreal-Projects/ObservationDuty/Content/Models/ShoppingCart/M_ShoppingCart.uasset" 1582
"D:/Unreal-Projects/ObservationDuty/Content/Models/ShoppingCart/M_ShoppingCart.uexp" 1583
"D:/Unreal-Projects/ObservationDuty/Content/Models/ShoppingCart/ShoppingCart.ubulk" 1584
"D:/Unreal-Projects/ObservationDuty/Content/Models/ShoppingCart/ShoppingCart.uasset" 1585
"D:/Unreal-Projects/ObservationDuty/Content/Models/ShoppingCart/ShoppingCart.uexp" 1586
"D:/Unreal-Projects/ObservationDuty/Content/Models/TrashCan/TrashCan.ubulk" 1587
"D:/Unreal-Projects/ObservationDuty/Content/Models/TrashCan/TrashCan.uasset" 1588
"D:/Unreal-Projects/ObservationDuty/Content/Models/TrashCan/TrashCan.uexp" 1589
"D:/Unreal-Projects/ObservationDuty/Content/Models/TV/Livingroom_TV_AmbientOcclusion.ubulk" 1590
"D:/Unreal-Projects/ObservationDuty/Content/Models/TV/Livingroom_TV_AmbientOcclusion.uasset" 1591
"D:/Unreal-Projects/ObservationDuty/Content/Models/TV/Livingroom_TV_AmbientOcclusion.uexp" 1592
"D:/Unreal-Projects/ObservationDuty/Content/Models/TV/Livingroom_TV_BaseColor.ubulk" 1593
"D:/Unreal-Projects/ObservationDuty/Content/Models/TV/Livingroom_TV_BaseColor.uasset" 1594
"D:/Unreal-Projects/ObservationDuty/Content/Models/TV/Livingroom_TV_BaseColor.uexp" 1595
"D:/Unreal-Projects/ObservationDuty/Content/Models/TV/Livingroom_TV_Metallic.ubulk" 1596
"D:/Unreal-Projects/ObservationDuty/Content/Models/TV/Livingroom_TV_Metallic.uasset" 1597
"D:/Unreal-Projects/ObservationDuty/Content/Models/TV/Livingroom_TV_Metallic.uexp" 1598
"D:/Unreal-Projects/ObservationDuty/Content/Models/TV/Livingroom_TV_Normal.ubulk" 1599
"D:/Unreal-Projects/ObservationDuty/Content/Models/TV/Livingroom_TV_Normal.uasset" 1600
"D:/Unreal-Projects/ObservationDuty/Content/Models/TV/Livingroom_TV_Normal.uexp" 1601
"D:/Unreal-Projects/ObservationDuty/Content/Models/TV/Livingroom_TV_Roughness.ubulk" 1602
"D:/Unreal-Projects/ObservationDuty/Content/Models/TV/Livingroom_TV_Roughness.uasset" 1603
"D:/Unreal-Projects/ObservationDuty/Content/Models/TV/Livingroom_TV_Roughness.uexp" 1604
"D:/Unreal-Projects/ObservationDuty/Content/Models/TV/M_TV.uasset" 1605
"D:/Unreal-Projects/ObservationDuty/Content/Models/TV/M_TV.uexp" 1606
"D:/Unreal-Projects/ObservationDuty/Content/Models/TV/TV_Screen.ubulk" 1607
"D:/Unreal-Projects/ObservationDuty/Content/Models/TV/TV_Screen.uasset" 1608
"D:/Unreal-Projects/ObservationDuty/Content/Models/TV/TV_Screen.uexp" 1609
"D:/Unreal-Projects/ObservationDuty/Content/Models/VendingMachine/Textures/VendingMachineBase_BaseColor.ubulk" 1610
"D:/Unreal-Projects/ObservationDuty/Content/Models/VendingMachine/Textures/VendingMachineBase_BaseColor.uasset" 1611
"D:/Unreal-Projects/ObservationDuty/Content/Models/VendingMachine/Textures/VendingMachineBase_BaseColor.uexp" 1612
"D:/Unreal-Projects/ObservationDuty/Content/Models/VendingMachine/Textures/VendingMachineBase_Metallic.ubulk" 1613
"D:/Unreal-Projects/ObservationDuty/Content/Models/VendingMachine/Textures/VendingMachineBase_Metallic.uasset" 1614
"D:/Unreal-Projects/ObservationDuty/Content/Models/VendingMachine/Textures/VendingMachineBase_Metallic.uexp" 1615
"D:/Unreal-Projects/ObservationDuty/Content/Models/VendingMachine/Textures/VendingMachineBase_Normal.ubulk" 1616
"D:/Unreal-Projects/ObservationDuty/Content/Models/VendingMachine/Textures/VendingMachineBase_Normal.uasset" 1617
"D:/Unreal-Projects/ObservationDuty/Content/Models/VendingMachine/Textures/VendingMachineBase_Normal.uexp" 1618
"D:/Unreal-Projects/ObservationDuty/Content/Models/VendingMachine/Textures/VendingMachineBase_Roughness.ubulk" 1619
"D:/Unreal-Projects/ObservationDuty/Content/Models/VendingMachine/Textures/VendingMachineBase_Roughness.uasset" 1620
"D:/Unreal-Projects/ObservationDuty/Content/Models/VendingMachine/Textures/VendingMachineBase_Roughness.uexp" 1621
"D:/Unreal-Projects/ObservationDuty/Content/Models/VendingMachine/M_VendingMachine.uasset" 1622
"D:/Unreal-Projects/ObservationDuty/Content/Models/VendingMachine/M_VendingMachine.uexp" 1623
"D:/Unreal-Projects/ObservationDuty/Content/Models/VendingMachine/Textures/Bottom_BaseColor.ubulk" 1624
"D:/Unreal-Projects/ObservationDuty/Content/Models/VendingMachine/Textures/Bottom_BaseColor.uasset" 1625
"D:/Unreal-Projects/ObservationDuty/Content/Models/VendingMachine/Textures/Bottom_BaseColor.uexp" 1626
"D:/Unreal-Projects/ObservationDuty/Content/Models/VendingMachine/Textures/Bottom_Metallic.ubulk" 1627
"D:/Unreal-Projects/ObservationDuty/Content/Models/VendingMachine/Textures/Bottom_Metallic.uasset" 1628
"D:/Unreal-Projects/ObservationDuty/Content/Models/VendingMachine/Textures/Bottom_Metallic.uexp" 1629
"D:/Unreal-Projects/ObservationDuty/Content/Models/VendingMachine/Textures/Bottom_Normal.ubulk" 1630
"D:/Unreal-Projects/ObservationDuty/Content/Models/VendingMachine/Textures/Bottom_Normal.uasset" 1631
"D:/Unreal-Projects/ObservationDuty/Content/Models/VendingMachine/Textures/Bottom_Normal.uexp" 1632
"D:/Unreal-Projects/ObservationDuty/Content/Models/VendingMachine/Textures/Bottom_Roughness.ubulk" 1633
"D:/Unreal-Projects/ObservationDuty/Content/Models/VendingMachine/Textures/Bottom_Roughness.uasset" 1634
"D:/Unreal-Projects/ObservationDuty/Content/Models/VendingMachine/Textures/Bottom_Roughness.uexp" 1635
"D:/Unreal-Projects/ObservationDuty/Content/Models/VendingMachine/M_Vending_Bottom.uasset" 1636
"D:/Unreal-Projects/ObservationDuty/Content/Models/VendingMachine/M_Vending_Bottom.uexp" 1637
"D:/Unreal-Projects/ObservationDuty/Content/Models/VendingMachine/Textures/Holder2_BaseColor.ubulk" 1638
"D:/Unreal-Projects/ObservationDuty/Content/Models/VendingMachine/Textures/Holder2_BaseColor.uasset" 1639
"D:/Unreal-Projects/ObservationDuty/Content/Models/VendingMachine/Textures/Holder2_BaseColor.uexp" 1640
"D:/Unreal-Projects/ObservationDuty/Content/Models/VendingMachine/Textures/Holder2_Metallic.ubulk" 1641
"D:/Unreal-Projects/ObservationDuty/Content/Models/VendingMachine/Textures/Holder2_Metallic.uasset" 1642
"D:/Unreal-Projects/ObservationDuty/Content/Models/VendingMachine/Textures/Holder2_Metallic.uexp" 1643
"D:/Unreal-Projects/ObservationDuty/Content/Models/VendingMachine/Textures/Holder2_Normal.ubulk" 1644
"D:/Unreal-Projects/ObservationDuty/Content/Models/VendingMachine/Textures/Holder2_Normal.uasset" 1645
"D:/Unreal-Projects/ObservationDuty/Content/Models/VendingMachine/Textures/Holder2_Normal.uexp" 1646
"D:/Unreal-Projects/ObservationDuty/Content/Models/VendingMachine/Textures/Holder2_Roughness.ubulk" 1647
"D:/Unreal-Projects/ObservationDuty/Content/Models/VendingMachine/Textures/Holder2_Roughness.uasset" 1648
"D:/Unreal-Projects/ObservationDuty/Content/Models/VendingMachine/Textures/Holder2_Roughness.uexp" 1649
"D:/Unreal-Projects/ObservationDuty/Content/Models/VendingMachine/M_Vending_Holder2.uasset" 1650
"D:/Unreal-Projects/ObservationDuty/Content/Models/VendingMachine/M_Vending_Holder2.uexp" 1651
"D:/Unreal-Projects/ObservationDuty/Content/Models/VendingMachine/Textures/Holders_BaseColor.ubulk" 1652
"D:/Unreal-Projects/ObservationDuty/Content/Models/VendingMachine/Textures/Holders_BaseColor.uasset" 1653
"D:/Unreal-Projects/ObservationDuty/Content/Models/VendingMachine/Textures/Holders_BaseColor.uexp" 1654
"D:/Unreal-Projects/ObservationDuty/Content/Models/VendingMachine/Textures/Holders_Metallic.ubulk" 1655
"D:/Unreal-Projects/ObservationDuty/Content/Models/VendingMachine/Textures/Holders_Metallic.uasset" 1656
"D:/Unreal-Projects/ObservationDuty/Content/Models/VendingMachine/Textures/Holders_Metallic.uexp" 1657
"D:/Unreal-Projects/ObservationDuty/Content/Models/VendingMachine/Textures/Holders_Normal.ubulk" 1658
"D:/Unreal-Projects/ObservationDuty/Content/Models/VendingMachine/Textures/Holders_Normal.uasset" 1659
"D:/Unreal-Projects/ObservationDuty/Content/Models/VendingMachine/Textures/Holders_Normal.uexp" 1660
"D:/Unreal-Projects/ObservationDuty/Content/Models/VendingMachine/Textures/Holders_Roughness.ubulk" 1661
"D:/Unreal-Projects/ObservationDuty/Content/Models/VendingMachine/Textures/Holders_Roughness.uasset" 1662
"D:/Unreal-Projects/ObservationDuty/Content/Models/VendingMachine/Textures/Holders_Roughness.uexp" 1663
"D:/Unreal-Projects/ObservationDuty/Content/Models/VendingMachine/M_Vending_Holders.uasset" 1664
"D:/Unreal-Projects/ObservationDuty/Content/Models/VendingMachine/M_Vending_Holders.uexp" 1665
"D:/Unreal-Projects/ObservationDuty/Content/Models/VendingMachine/Textures/Inside_BaseColor.ubulk" 1666
"D:/Unreal-Projects/ObservationDuty/Content/Models/VendingMachine/Textures/Inside_BaseColor.uasset" 1667
"D:/Unreal-Projects/ObservationDuty/Content/Models/VendingMachine/Textures/Inside_BaseColor.uexp" 1668
"D:/Unreal-Projects/ObservationDuty/Content/Models/VendingMachine/Textures/Inside_Metallic.ubulk" 1669
"D:/Unreal-Projects/ObservationDuty/Content/Models/VendingMachine/Textures/Inside_Metallic.uasset" 1670
"D:/Unreal-Projects/ObservationDuty/Content/Models/VendingMachine/Textures/Inside_Metallic.uexp" 1671
"D:/Unreal-Projects/ObservationDuty/Content/Models/VendingMachine/Textures/Inside_Normal.ubulk" 1672
"D:/Unreal-Projects/ObservationDuty/Content/Models/VendingMachine/Textures/Inside_Normal.uasset" 1673
"D:/Unreal-Projects/ObservationDuty/Content/Models/VendingMachine/Textures/Inside_Normal.uexp" 1674
"D:/Unreal-Projects/ObservationDuty/Content/Models/VendingMachine/Textures/Inside_Roughness.ubulk" 1675
"D:/Unreal-Projects/ObservationDuty/Content/Models/VendingMachine/Textures/Inside_Roughness.uasset" 1676
"D:/Unreal-Projects/ObservationDuty/Content/Models/VendingMachine/Textures/Inside_Roughness.uexp" 1677
"D:/Unreal-Projects/ObservationDuty/Content/Models/VendingMachine/M_Vending_Inside.uasset" 1678
"D:/Unreal-Projects/ObservationDuty/Content/Models/VendingMachine/M_Vending_Inside.uexp" 1679
"D:/Unreal-Projects/ObservationDuty/Content/Models/VendingMachine/Textures/Panel_BaseColor.ubulk" 1680
"D:/Unreal-Projects/ObservationDuty/Content/Models/VendingMachine/Textures/Panel_BaseColor.uasset" 1681
"D:/Unreal-Projects/ObservationDuty/Content/Models/VendingMachine/Textures/Panel_BaseColor.uexp" 1682
"D:/Unreal-Projects/ObservationDuty/Content/Models/VendingMachine/Textures/Panel_Emission.ubulk" 1683
"D:/Unreal-Projects/ObservationDuty/Content/Models/VendingMachine/Textures/Panel_Emission.uasset" 1684
"D:/Unreal-Projects/ObservationDuty/Content/Models/VendingMachine/Textures/Panel_Emission.uexp" 1685
"D:/Unreal-Projects/ObservationDuty/Content/Models/VendingMachine/Textures/Panel_Metallic.ubulk" 1686
"D:/Unreal-Projects/ObservationDuty/Content/Models/VendingMachine/Textures/Panel_Metallic.uasset" 1687
"D:/Unreal-Projects/ObservationDuty/Content/Models/VendingMachine/Textures/Panel_Metallic.uexp" 1688
"D:/Unreal-Projects/ObservationDuty/Content/Models/VendingMachine/Textures/Panel_Normal.ubulk" 1689
"D:/Unreal-Projects/ObservationDuty/Content/Models/VendingMachine/Textures/Panel_Normal.uasset" 1690
"D:/Unreal-Projects/ObservationDuty/Content/Models/VendingMachine/Textures/Panel_Normal.uexp" 1691
"D:/Unreal-Projects/ObservationDuty/Content/Models/VendingMachine/Textures/Panel_Roughness.ubulk" 1692
"D:/Unreal-Projects/ObservationDuty/Content/Models/VendingMachine/Textures/Panel_Roughness.uasset" 1693
"D:/Unreal-Projects/ObservationDuty/Content/Models/VendingMachine/Textures/Panel_Roughness.uexp" 1694
"D:/Unreal-Projects/ObservationDuty/Content/Models/VendingMachine/M_Vending_Panel.uasset" 1695
"D:/Unreal-Projects/ObservationDuty/Content/Models/VendingMachine/M_Vending_Panel.uexp" 1696
"D:/Unreal-Projects/ObservationDuty/Content/Models/VendingMachine/Textures/Sign_BaseColor.ubulk" 1697
"D:/Unreal-Projects/ObservationDuty/Content/Models/VendingMachine/Textures/Sign_BaseColor.uasset" 1698
"D:/Unreal-Projects/ObservationDuty/Content/Models/VendingMachine/Textures/Sign_BaseColor.uexp" 1699
"D:/Unreal-Projects/ObservationDuty/Content/Models/VendingMachine/Textures/Sign_Metallic.ubulk" 1700
"D:/Unreal-Projects/ObservationDuty/Content/Models/VendingMachine/Textures/Sign_Metallic.uasset" 1701
"D:/Unreal-Projects/ObservationDuty/Content/Models/VendingMachine/Textures/Sign_Metallic.uexp" 1702
"D:/Unreal-Projects/ObservationDuty/Content/Models/VendingMachine/Textures/Sign_Normal.ubulk" 1703
"D:/Unreal-Projects/ObservationDuty/Content/Models/VendingMachine/Textures/Sign_Normal.uasset" 1704
"D:/Unreal-Projects/ObservationDuty/Content/Models/VendingMachine/Textures/Sign_Normal.uexp" 1705
"D:/Unreal-Projects/ObservationDuty/Content/Models/VendingMachine/Textures/Sign_Roughness.ubulk" 1706
"D:/Unreal-Projects/ObservationDuty/Content/Models/VendingMachine/Textures/Sign_Roughness.uasset" 1707
"D:/Unreal-Projects/ObservationDuty/Content/Models/VendingMachine/Textures/Sign_Roughness.uexp" 1708
"D:/Unreal-Projects/ObservationDuty/Content/Models/VendingMachine/M_Vending_Sign.uasset" 1709
"D:/Unreal-Projects/ObservationDuty/Content/Models/VendingMachine/M_Vending_Sign.uexp" 1710
"../../../Engine/Content/EngineResources/DefaultTexture.ubulk" 1711
"../../../Engine/Content/EngineResources/DefaultTexture.uasset" 1712
"../../../Engine/Content/EngineResources/DefaultTexture.uexp" 1713
"../../../Engine/Content/EngineMaterials/DefaultNormal.ubulk" 1714
"../../../Engine/Content/EngineMaterials/DefaultNormal.uasset" 1715
"../../../Engine/Content/EngineMaterials/DefaultNormal.uexp" 1716
"../../../Engine/Content/Functions/Engine_MaterialFunctions03/Procedurals/NormalFromHeightmap.uasset" 1717
"../../../Engine/Content/Functions/Engine_MaterialFunctions03/Procedurals/NormalFromHeightmap.uexp" 1718
"../../../Engine/Plugins/Interchange/Assets/Content/Functions/MF_PhongToMetalRoughness.uasset" 1719
"../../../Engine/Plugins/Interchange/Assets/Content/Functions/MF_PhongToMetalRoughness.uexp" 1720
"../../../Engine/Plugins/Interchange/Assets/Content/Materials/FBXLegacyPhongSurfaceMaterial.uasset" 1721
"../../../Engine/Plugins/Interchange/Assets/Content/Materials/FBXLegacyPhongSurfaceMaterial.uexp" 1722
"D:/Unreal-Projects/ObservationDuty/Content/Models/VendingMachine/Textures/VendingP_D.ubulk" 1723
"D:/Unreal-Projects/ObservationDuty/Content/Models/VendingMachine/Textures/VendingP_D.uasset" 1724
"D:/Unreal-Projects/ObservationDuty/Content/Models/VendingMachine/Textures/VendingP_D.uexp" 1725
"D:/Unreal-Projects/ObservationDuty/Content/Models/VendingMachine/Textures/VendingP_R.ubulk" 1726
"D:/Unreal-Projects/ObservationDuty/Content/Models/VendingMachine/Textures/VendingP_R.uasset" 1727
"D:/Unreal-Projects/ObservationDuty/Content/Models/VendingMachine/Textures/VendingP_R.uexp" 1728
"D:/Unreal-Projects/ObservationDuty/Content/Models/VendingMachine/Textures/SnacksMat.uasset" 1729
"D:/Unreal-Projects/ObservationDuty/Content/Models/VendingMachine/Textures/SnacksMat.uexp" 1730
"D:/Unreal-Projects/ObservationDuty/Content/Models/VendingMachine/VendingMachine.ubulk" 1731
"D:/Unreal-Projects/ObservationDuty/Content/Models/VendingMachine/VendingMachine.uasset" 1732
"D:/Unreal-Projects/ObservationDuty/Content/Models/VendingMachine/VendingMachine.uexp" 1733
"D:/Unreal-Projects/ObservationDuty/Content/Map/_GENERATED/Zev/Box_63BC817B.ubulk" 1734
"D:/Unreal-Projects/ObservationDuty/Content/Map/_GENERATED/Zev/Box_63BC817B.uasset" 1735
"D:/Unreal-Projects/ObservationDuty/Content/Map/_GENERATED/Zev/Box_63BC817B.uexp" 1736
"D:/Unreal-Projects/ObservationDuty/Content/Map/_GENERATED/Zev/Rectangle_960F80FB.ubulk" 1737
"D:/Unreal-Projects/ObservationDuty/Content/Map/_GENERATED/Zev/Rectangle_960F80FB.uasset" 1738
"D:/Unreal-Projects/ObservationDuty/Content/Map/_GENERATED/Zev/Rectangle_960F80FB.uexp" 1739
"D:/Unreal-Projects/ObservationDuty/Content/Models/StoreMap/Store/Building.ubulk" 1740
"D:/Unreal-Projects/ObservationDuty/Content/Models/StoreMap/Store/Building.uasset" 1741
"D:/Unreal-Projects/ObservationDuty/Content/Models/StoreMap/Store/Building.uexp" 1742
"D:/Unreal-Projects/ObservationDuty/Content/Models/StoreMap/Store/Roof.ubulk" 1743
"D:/Unreal-Projects/ObservationDuty/Content/Models/StoreMap/Store/Roof.uasset" 1744
"D:/Unreal-Projects/ObservationDuty/Content/Models/StoreMap/Store/Roof.uexp" 1745
"D:/Unreal-Projects/ObservationDuty/Content/Models/TrashCan/Textures/RecycleVarient/TrashCan_BaseColor.ubulk" 1746
"D:/Unreal-Projects/ObservationDuty/Content/Models/TrashCan/Textures/RecycleVarient/TrashCan_BaseColor.uasset" 1747
"D:/Unreal-Projects/ObservationDuty/Content/Models/TrashCan/Textures/RecycleVarient/TrashCan_BaseColor.uexp" 1748
"D:/Unreal-Projects/ObservationDuty/Content/Models/TrashCan/Textures/RecycleVarient/TrashCan_Metallic.ubulk" 1749
"D:/Unreal-Projects/ObservationDuty/Content/Models/TrashCan/Textures/RecycleVarient/TrashCan_Metallic.uasset" 1750
"D:/Unreal-Projects/ObservationDuty/Content/Models/TrashCan/Textures/RecycleVarient/TrashCan_Metallic.uexp" 1751
"D:/Unreal-Projects/ObservationDuty/Content/Models/TrashCan/Textures/RecycleVarient/TrashCan_Normal.ubulk" 1752
"D:/Unreal-Projects/ObservationDuty/Content/Models/TrashCan/Textures/RecycleVarient/TrashCan_Normal.uasset" 1753
"D:/Unreal-Projects/ObservationDuty/Content/Models/TrashCan/Textures/RecycleVarient/TrashCan_Normal.uexp" 1754
"D:/Unreal-Projects/ObservationDuty/Content/Models/TrashCan/Textures/RecycleVarient/TrashCan_Roughness.ubulk" 1755
"D:/Unreal-Projects/ObservationDuty/Content/Models/TrashCan/Textures/RecycleVarient/TrashCan_Roughness.uasset" 1756
"D:/Unreal-Projects/ObservationDuty/Content/Models/TrashCan/Textures/RecycleVarient/TrashCan_Roughness.uexp" 1757
"D:/Unreal-Projects/ObservationDuty/Content/Models/TrashCan/Textures/M_TrashCan1.uasset" 1758
"D:/Unreal-Projects/ObservationDuty/Content/Models/TrashCan/Textures/M_TrashCan1.uexp" 1759
"D:/Unreal-Projects/ObservationDuty/Content/Models/TrashCan/Textures/TrashVarient/TrashCan_BaseColor.ubulk" 1760
"D:/Unreal-Projects/ObservationDuty/Content/Models/TrashCan/Textures/TrashVarient/TrashCan_BaseColor.uasset" 1761
"D:/Unreal-Projects/ObservationDuty/Content/Models/TrashCan/Textures/TrashVarient/TrashCan_BaseColor.uexp" 1762
"D:/Unreal-Projects/ObservationDuty/Content/Models/TrashCan/Textures/TrashVarient/TrashCan_Metallic.ubulk" 1763
"D:/Unreal-Projects/ObservationDuty/Content/Models/TrashCan/Textures/TrashVarient/TrashCan_Metallic.uasset" 1764
"D:/Unreal-Projects/ObservationDuty/Content/Models/TrashCan/Textures/TrashVarient/TrashCan_Metallic.uexp" 1765
"D:/Unreal-Projects/ObservationDuty/Content/Models/TrashCan/Textures/TrashVarient/TrashCan_Normal.ubulk" 1766
"D:/Unreal-Projects/ObservationDuty/Content/Models/TrashCan/Textures/TrashVarient/TrashCan_Normal.uasset" 1767
"D:/Unreal-Projects/ObservationDuty/Content/Models/TrashCan/Textures/TrashVarient/TrashCan_Normal.uexp" 1768
"D:/Unreal-Projects/ObservationDuty/Content/Models/TrashCan/Textures/TrashVarient/TrashCan_Roughness.ubulk" 1769
"D:/Unreal-Projects/ObservationDuty/Content/Models/TrashCan/Textures/TrashVarient/TrashCan_Roughness.uasset" 1770
"D:/Unreal-Projects/ObservationDuty/Content/Models/TrashCan/Textures/TrashVarient/TrashCan_Roughness.uexp" 1771
"D:/Unreal-Projects/ObservationDuty/Content/Models/TrashCan/Textures/M_TrashCan2.uasset" 1772
"D:/Unreal-Projects/ObservationDuty/Content/Models/TrashCan/Textures/M_TrashCan2.uexp" 1773
"D:/Unreal-Projects/ObservationDuty/Content/StorePropsCollection/StaticMeshes/CleaningAssets/Textures/T_CleaningAssets_AO.ubulk" 1774
"D:/Unreal-Projects/ObservationDuty/Content/StorePropsCollection/StaticMeshes/CleaningAssets/Textures/T_CleaningAssets_AO.uasset" 1775
"D:/Unreal-Projects/ObservationDuty/Content/StorePropsCollection/StaticMeshes/CleaningAssets/Textures/T_CleaningAssets_AO.uexp" 1776
"D:/Unreal-Projects/ObservationDuty/Content/StorePropsCollection/StaticMeshes/CleaningAssets/Textures/T_CleaningAssets_BaseColor.ubulk" 1777
"D:/Unreal-Projects/ObservationDuty/Content/StorePropsCollection/StaticMeshes/CleaningAssets/Textures/T_CleaningAssets_BaseColor.uasset" 1778
"D:/Unreal-Projects/ObservationDuty/Content/StorePropsCollection/StaticMeshes/CleaningAssets/Textures/T_CleaningAssets_BaseColor.uexp" 1779
"D:/Unreal-Projects/ObservationDuty/Content/StorePropsCollection/StaticMeshes/CleaningAssets/Textures/T_CleaningAssets_Metallic.ubulk" 1780
"D:/Unreal-Projects/ObservationDuty/Content/StorePropsCollection/StaticMeshes/CleaningAssets/Textures/T_CleaningAssets_Metallic.uasset" 1781
"D:/Unreal-Projects/ObservationDuty/Content/StorePropsCollection/StaticMeshes/CleaningAssets/Textures/T_CleaningAssets_Metallic.uexp" 1782
"D:/Unreal-Projects/ObservationDuty/Content/StorePropsCollection/StaticMeshes/CleaningAssets/Textures/T_CleaningAssets_Normal.ubulk" 1783
"D:/Unreal-Projects/ObservationDuty/Content/StorePropsCollection/StaticMeshes/CleaningAssets/Textures/T_CleaningAssets_Normal.uasset" 1784
"D:/Unreal-Projects/ObservationDuty/Content/StorePropsCollection/StaticMeshes/CleaningAssets/Textures/T_CleaningAssets_Normal.uexp" 1785
"D:/Unreal-Projects/ObservationDuty/Content/StorePropsCollection/StaticMeshes/CleaningAssets/Textures/T_CleaningAssets_Roughness.ubulk" 1786
"D:/Unreal-Projects/ObservationDuty/Content/StorePropsCollection/StaticMeshes/CleaningAssets/Textures/T_CleaningAssets_Roughness.uasset" 1787
"D:/Unreal-Projects/ObservationDuty/Content/StorePropsCollection/StaticMeshes/CleaningAssets/Textures/T_CleaningAssets_Roughness.uexp" 1788
"D:/Unreal-Projects/ObservationDuty/Content/StorePropsCollection/StaticMeshes/CleaningAssets/Materials/M_CleaningAssets.uasset" 1789
"D:/Unreal-Projects/ObservationDuty/Content/StorePropsCollection/StaticMeshes/CleaningAssets/Materials/M_CleaningAssets.uexp" 1790
"D:/Unreal-Projects/ObservationDuty/Content/StorePropsCollection/StaticMeshes/CleaningAssets/SM_Bleach1.ubulk" 1791
"D:/Unreal-Projects/ObservationDuty/Content/StorePropsCollection/StaticMeshes/CleaningAssets/SM_Bleach1.uasset" 1792
"D:/Unreal-Projects/ObservationDuty/Content/StorePropsCollection/StaticMeshes/CleaningAssets/SM_Bleach1.uexp" 1793
"D:/Unreal-Projects/ObservationDuty/Content/StorePropsCollection/StaticMeshes/CleaningAssets/SM_Bucket.ubulk" 1794
"D:/Unreal-Projects/ObservationDuty/Content/StorePropsCollection/StaticMeshes/CleaningAssets/SM_Bucket.uasset" 1795
"D:/Unreal-Projects/ObservationDuty/Content/StorePropsCollection/StaticMeshes/CleaningAssets/SM_Bucket.uexp" 1796
"D:/Unreal-Projects/ObservationDuty/Content/StorePropsCollection/StaticMeshes/CleaningAssets/SM_Mop.ubulk" 1797
"D:/Unreal-Projects/ObservationDuty/Content/StorePropsCollection/StaticMeshes/CleaningAssets/SM_Mop.uasset" 1798
"D:/Unreal-Projects/ObservationDuty/Content/StorePropsCollection/StaticMeshes/CleaningAssets/SM_Mop.uexp" 1799
"D:/Unreal-Projects/ObservationDuty/Content/StorePropsCollection/StaticMeshes/CleaningAssets/SM_WetFloorSign.ubulk" 1800
"D:/Unreal-Projects/ObservationDuty/Content/StorePropsCollection/StaticMeshes/CleaningAssets/SM_WetFloorSign.uasset" 1801
"D:/Unreal-Projects/ObservationDuty/Content/StorePropsCollection/StaticMeshes/CleaningAssets/SM_WetFloorSign.uexp" 1802
"D:/Unreal-Projects/ObservationDuty/Content/StorePropsCollection/StaticMeshes/Doors1/Textures/T_Doors1_AO.ubulk" 1803
"D:/Unreal-Projects/ObservationDuty/Content/StorePropsCollection/StaticMeshes/Doors1/Textures/T_Doors1_AO.uasset" 1804
"D:/Unreal-Projects/ObservationDuty/Content/StorePropsCollection/StaticMeshes/Doors1/Textures/T_Doors1_AO.uexp" 1805
"D:/Unreal-Projects/ObservationDuty/Content/StorePropsCollection/StaticMeshes/Doors1/Textures/T_Doors1_BaseColor.ubulk" 1806
"D:/Unreal-Projects/ObservationDuty/Content/StorePropsCollection/StaticMeshes/Doors1/Textures/T_Doors1_BaseColor.uasset" 1807
"D:/Unreal-Projects/ObservationDuty/Content/StorePropsCollection/StaticMeshes/Doors1/Textures/T_Doors1_BaseColor.uexp" 1808
"D:/Unreal-Projects/ObservationDuty/Content/StorePropsCollection/StaticMeshes/Doors1/Textures/T_Doors1_Metallic.ubulk" 1809
"D:/Unreal-Projects/ObservationDuty/Content/StorePropsCollection/StaticMeshes/Doors1/Textures/T_Doors1_Metallic.uasset" 1810
"D:/Unreal-Projects/ObservationDuty/Content/StorePropsCollection/StaticMeshes/Doors1/Textures/T_Doors1_Metallic.uexp" 1811
"D:/Unreal-Projects/ObservationDuty/Content/StorePropsCollection/StaticMeshes/Doors1/Textures/T_Doors1_Normal.ubulk" 1812
"D:/Unreal-Projects/ObservationDuty/Content/StorePropsCollection/StaticMeshes/Doors1/Textures/T_Doors1_Normal.uasset" 1813
"D:/Unreal-Projects/ObservationDuty/Content/StorePropsCollection/StaticMeshes/Doors1/Textures/T_Doors1_Normal.uexp" 1814
"D:/Unreal-Projects/ObservationDuty/Content/StorePropsCollection/StaticMeshes/Doors1/Textures/T_Doors1_Roughness.ubulk" 1815
"D:/Unreal-Projects/ObservationDuty/Content/StorePropsCollection/StaticMeshes/Doors1/Textures/T_Doors1_Roughness.uasset" 1816
"D:/Unreal-Projects/ObservationDuty/Content/StorePropsCollection/StaticMeshes/Doors1/Textures/T_Doors1_Roughness.uexp" 1817
"D:/Unreal-Projects/ObservationDuty/Content/StorePropsCollection/StaticMeshes/Doors1/Materials/M_Doors1.uasset" 1818
"D:/Unreal-Projects/ObservationDuty/Content/StorePropsCollection/StaticMeshes/Doors1/Materials/M_Doors1.uexp" 1819
"D:/Unreal-Projects/ObservationDuty/Content/StorePropsCollection/StaticMeshes/Doors1/SM_WoodenDoor1.ubulk" 1820
"D:/Unreal-Projects/ObservationDuty/Content/StorePropsCollection/StaticMeshes/Doors1/SM_WoodenDoor1.uasset" 1821
"D:/Unreal-Projects/ObservationDuty/Content/StorePropsCollection/StaticMeshes/Doors1/SM_WoodenDoor1.uexp" 1822
"D:/Unreal-Projects/ObservationDuty/Content/StorePropsCollection/Materials/Glass/M_Glass.uasset" 1823
"D:/Unreal-Projects/ObservationDuty/Content/StorePropsCollection/Materials/Glass/M_Glass.uexp" 1824
"D:/Unreal-Projects/ObservationDuty/Content/StorePropsCollection/StaticMeshes/Doors2/Textures/T_Doors2_Base_Color.ubulk" 1825
"D:/Unreal-Projects/ObservationDuty/Content/StorePropsCollection/StaticMeshes/Doors2/Textures/T_Doors2_Base_Color.uasset" 1826
"D:/Unreal-Projects/ObservationDuty/Content/StorePropsCollection/StaticMeshes/Doors2/Textures/T_Doors2_Base_Color.uexp" 1827
"D:/Unreal-Projects/ObservationDuty/Content/StorePropsCollection/StaticMeshes/Doors2/Textures/T_Doors2_Emissive.ubulk" 1828
"D:/Unreal-Projects/ObservationDuty/Content/StorePropsCollection/StaticMeshes/Doors2/Textures/T_Doors2_Emissive.uasset" 1829
"D:/Unreal-Projects/ObservationDuty/Content/StorePropsCollection/StaticMeshes/Doors2/Textures/T_Doors2_Emissive.uexp" 1830
"D:/Unreal-Projects/ObservationDuty/Content/StorePropsCollection/StaticMeshes/Doors2/Textures/T_Doors2_Metallic.ubulk" 1831
"D:/Unreal-Projects/ObservationDuty/Content/StorePropsCollection/StaticMeshes/Doors2/Textures/T_Doors2_Metallic.uasset" 1832
"D:/Unreal-Projects/ObservationDuty/Content/StorePropsCollection/StaticMeshes/Doors2/Textures/T_Doors2_Metallic.uexp" 1833
"D:/Unreal-Projects/ObservationDuty/Content/StorePropsCollection/StaticMeshes/Doors2/Textures/T_Doors2_Mixed_AO.ubulk" 1834
"D:/Unreal-Projects/ObservationDuty/Content/StorePropsCollection/StaticMeshes/Doors2/Textures/T_Doors2_Mixed_AO.uasset" 1835
"D:/Unreal-Projects/ObservationDuty/Content/StorePropsCollection/StaticMeshes/Doors2/Textures/T_Doors2_Mixed_AO.uexp" 1836
"D:/Unreal-Projects/ObservationDuty/Content/StorePropsCollection/StaticMeshes/Doors2/Textures/T_Doors2_Normal_OpenGL.ubulk" 1837
"D:/Unreal-Projects/ObservationDuty/Content/StorePropsCollection/StaticMeshes/Doors2/Textures/T_Doors2_Normal_OpenGL.uasset" 1838
"D:/Unreal-Projects/ObservationDuty/Content/StorePropsCollection/StaticMeshes/Doors2/Textures/T_Doors2_Normal_OpenGL.uexp" 1839
"D:/Unreal-Projects/ObservationDuty/Content/StorePropsCollection/StaticMeshes/Doors2/Textures/T_Doors2_Opacity.ubulk" 1840
"D:/Unreal-Projects/ObservationDuty/Content/StorePropsCollection/StaticMeshes/Doors2/Textures/T_Doors2_Opacity.uasset" 1841
"D:/Unreal-Projects/ObservationDuty/Content/StorePropsCollection/StaticMeshes/Doors2/Textures/T_Doors2_Opacity.uexp" 1842
"D:/Unreal-Projects/ObservationDuty/Content/StorePropsCollection/StaticMeshes/Doors2/Textures/T_Doors2_Roughness.ubulk" 1843
"D:/Unreal-Projects/ObservationDuty/Content/StorePropsCollection/StaticMeshes/Doors2/Textures/T_Doors2_Roughness.uasset" 1844
"D:/Unreal-Projects/ObservationDuty/Content/StorePropsCollection/StaticMeshes/Doors2/Textures/T_Doors2_Roughness.uexp" 1845
"D:/Unreal-Projects/ObservationDuty/Content/StorePropsCollection/StaticMeshes/Doors2/Materials/M_Doors2.uasset" 1846
"D:/Unreal-Projects/ObservationDuty/Content/StorePropsCollection/StaticMeshes/Doors2/Materials/M_Doors2.uexp" 1847
"D:/Unreal-Projects/ObservationDuty/Content/StorePropsCollection/StaticMeshes/Doors2/SM_DoorSingleLeft_2.ubulk" 1848
"D:/Unreal-Projects/ObservationDuty/Content/StorePropsCollection/StaticMeshes/Doors2/SM_DoorSingleLeft_2.uasset" 1849
"D:/Unreal-Projects/ObservationDuty/Content/StorePropsCollection/StaticMeshes/Doors2/SM_DoorSingleLeft_2.uexp" 1850
"D:/Unreal-Projects/ObservationDuty/Content/StorePropsCollection/StaticMeshes/Doors2/SM_DoorSingleRight_2.ubulk" 1851
"D:/Unreal-Projects/ObservationDuty/Content/StorePropsCollection/StaticMeshes/Doors2/SM_DoorSingleRight_2.uasset" 1852
"D:/Unreal-Projects/ObservationDuty/Content/StorePropsCollection/StaticMeshes/Doors2/SM_DoorSingleRight_2.uexp" 1853
"D:/Unreal-Projects/ObservationDuty/Content/StorePropsCollection/StaticMeshes/Doors2/SM_DoubleDoorFrame.ubulk" 1854
"D:/Unreal-Projects/ObservationDuty/Content/StorePropsCollection/StaticMeshes/Doors2/SM_DoubleDoorFrame.uasset" 1855
"D:/Unreal-Projects/ObservationDuty/Content/StorePropsCollection/StaticMeshes/Doors2/SM_DoubleDoorFrame.uexp" 1856
"D:/Unreal-Projects/ObservationDuty/Content/StorePropsCollection/StaticMeshes/Doors2/SM_Sign3.ubulk" 1857
"D:/Unreal-Projects/ObservationDuty/Content/StorePropsCollection/StaticMeshes/Doors2/SM_Sign3.uasset" 1858
"D:/Unreal-Projects/ObservationDuty/Content/StorePropsCollection/StaticMeshes/Doors2/SM_Sign3.uexp" 1859
"D:/Unreal-Projects/ObservationDuty/Content/StorePropsCollection/StaticMeshes/Doors2/SM_Sign6.ubulk" 1860
"D:/Unreal-Projects/ObservationDuty/Content/StorePropsCollection/StaticMeshes/Doors2/SM_Sign6.uasset" 1861
"D:/Unreal-Projects/ObservationDuty/Content/StorePropsCollection/StaticMeshes/Doors2/SM_Sign6.uexp" 1862
"D:/Unreal-Projects/ObservationDuty/Content/StorePropsCollection/StaticMeshes/Doors2/SM_Sign8.ubulk" 1863
"D:/Unreal-Projects/ObservationDuty/Content/StorePropsCollection/StaticMeshes/Doors2/SM_Sign8.uasset" 1864
"D:/Unreal-Projects/ObservationDuty/Content/StorePropsCollection/StaticMeshes/Doors2/SM_Sign8.uexp" 1865
"D:/Unreal-Projects/ObservationDuty/Content/StorePropsCollection/StaticMeshes/Doors2/SM_Sign9.ubulk" 1866
"D:/Unreal-Projects/ObservationDuty/Content/StorePropsCollection/StaticMeshes/Doors2/SM_Sign9.uasset" 1867
"D:/Unreal-Projects/ObservationDuty/Content/StorePropsCollection/StaticMeshes/Doors2/SM_Sign9.uexp" 1868
"D:/Unreal-Projects/ObservationDuty/Content/StorePropsCollection/StaticMeshes/EengineeringCommunications1/Textures/T_Communication_AO.ubulk" 1869
"D:/Unreal-Projects/ObservationDuty/Content/StorePropsCollection/StaticMeshes/EengineeringCommunications1/Textures/T_Communication_AO.uasset" 1870
"D:/Unreal-Projects/ObservationDuty/Content/StorePropsCollection/StaticMeshes/EengineeringCommunications1/Textures/T_Communication_AO.uexp" 1871
"D:/Unreal-Projects/ObservationDuty/Content/StorePropsCollection/StaticMeshes/EengineeringCommunications1/Textures/T_Communication_BaseColor.ubulk" 1872
"D:/Unreal-Projects/ObservationDuty/Content/StorePropsCollection/StaticMeshes/EengineeringCommunications1/Textures/T_Communication_BaseColor.uasset" 1873
"D:/Unreal-Projects/ObservationDuty/Content/StorePropsCollection/StaticMeshes/EengineeringCommunications1/Textures/T_Communication_BaseColor.uexp" 1874
"D:/Unreal-Projects/ObservationDuty/Content/StorePropsCollection/StaticMeshes/EengineeringCommunications1/Textures/T_Communication_Emissive.ubulk" 1875
"D:/Unreal-Projects/ObservationDuty/Content/StorePropsCollection/StaticMeshes/EengineeringCommunications1/Textures/T_Communication_Emissive.uasset" 1876
"D:/Unreal-Projects/ObservationDuty/Content/StorePropsCollection/StaticMeshes/EengineeringCommunications1/Textures/T_Communication_Emissive.uexp" 1877
"D:/Unreal-Projects/ObservationDuty/Content/StorePropsCollection/StaticMeshes/EengineeringCommunications1/Textures/T_Communication_Metallic.ubulk" 1878
"D:/Unreal-Projects/ObservationDuty/Content/StorePropsCollection/StaticMeshes/EengineeringCommunications1/Textures/T_Communication_Metallic.uasset" 1879
"D:/Unreal-Projects/ObservationDuty/Content/StorePropsCollection/StaticMeshes/EengineeringCommunications1/Textures/T_Communication_Metallic.uexp" 1880
"D:/Unreal-Projects/ObservationDuty/Content/StorePropsCollection/StaticMeshes/EengineeringCommunications1/Textures/T_Communication_Normal.ubulk" 1881
"D:/Unreal-Projects/ObservationDuty/Content/StorePropsCollection/StaticMeshes/EengineeringCommunications1/Textures/T_Communication_Normal.uasset" 1882
"D:/Unreal-Projects/ObservationDuty/Content/StorePropsCollection/StaticMeshes/EengineeringCommunications1/Textures/T_Communication_Normal.uexp" 1883
"D:/Unreal-Projects/ObservationDuty/Content/StorePropsCollection/StaticMeshes/EengineeringCommunications1/Textures/T_Communication_Roughness.ubulk" 1884
"D:/Unreal-Projects/ObservationDuty/Content/StorePropsCollection/StaticMeshes/EengineeringCommunications1/Textures/T_Communication_Roughness.uasset" 1885
"D:/Unreal-Projects/ObservationDuty/Content/StorePropsCollection/StaticMeshes/EengineeringCommunications1/Textures/T_Communication_Roughness.uexp" 1886
"D:/Unreal-Projects/ObservationDuty/Content/StorePropsCollection/StaticMeshes/EengineeringCommunications1/Materials/M_EengineeringCommunications_1.uasset" 1887
"D:/Unreal-Projects/ObservationDuty/Content/StorePropsCollection/StaticMeshes/EengineeringCommunications1/Materials/M_EengineeringCommunications_1.uexp" 1888
"D:/Unreal-Projects/ObservationDuty/Content/StorePropsCollection/StaticMeshes/EengineeringCommunications1/SM_Beam1.ubulk" 1889
"D:/Unreal-Projects/ObservationDuty/Content/StorePropsCollection/StaticMeshes/EengineeringCommunications1/SM_Beam1.uasset" 1890
"D:/Unreal-Projects/ObservationDuty/Content/StorePropsCollection/StaticMeshes/EengineeringCommunications1/SM_Beam1.uexp" 1891
"D:/Unreal-Projects/ObservationDuty/Content/StorePropsCollection/StaticMeshes/EengineeringCommunications1/SM_Duct1.ubulk" 1892
"D:/Unreal-Projects/ObservationDuty/Content/StorePropsCollection/StaticMeshes/EengineeringCommunications1/SM_Duct1.uasset" 1893
"D:/Unreal-Projects/ObservationDuty/Content/StorePropsCollection/StaticMeshes/EengineeringCommunications1/SM_Duct1.uexp" 1894
"D:/Unreal-Projects/ObservationDuty/Content/StorePropsCollection/StaticMeshes/EengineeringCommunications1/SM_Duct2.ubulk" 1895
"D:/Unreal-Projects/ObservationDuty/Content/StorePropsCollection/StaticMeshes/EengineeringCommunications1/SM_Duct2.uasset" 1896
"D:/Unreal-Projects/ObservationDuty/Content/StorePropsCollection/StaticMeshes/EengineeringCommunications1/SM_Duct2.uexp" 1897
"D:/Unreal-Projects/ObservationDuty/Content/StorePropsCollection/StaticMeshes/EengineeringCommunications1/SM_FireAlarm1.ubulk" 1898
"D:/Unreal-Projects/ObservationDuty/Content/StorePropsCollection/StaticMeshes/EengineeringCommunications1/SM_FireAlarm1.uasset" 1899
"D:/Unreal-Projects/ObservationDuty/Content/StorePropsCollection/StaticMeshes/EengineeringCommunications1/SM_FireAlarm1.uexp" 1900
"D:/Unreal-Projects/ObservationDuty/Content/StorePropsCollection/StaticMeshes/EengineeringCommunications1/SM_HeaterTubes1.ubulk" 1901
"D:/Unreal-Projects/ObservationDuty/Content/StorePropsCollection/StaticMeshes/EengineeringCommunications1/SM_HeaterTubes1.uasset" 1902
"D:/Unreal-Projects/ObservationDuty/Content/StorePropsCollection/StaticMeshes/EengineeringCommunications1/SM_HeaterTubes1.uexp" 1903
"D:/Unreal-Projects/ObservationDuty/Content/StorePropsCollection/StaticMeshes/EengineeringCommunications1/SM_HeaterTubes2.ubulk" 1904
"D:/Unreal-Projects/ObservationDuty/Content/StorePropsCollection/StaticMeshes/EengineeringCommunications1/SM_HeaterTubes2.uasset" 1905
"D:/Unreal-Projects/ObservationDuty/Content/StorePropsCollection/StaticMeshes/EengineeringCommunications1/SM_HeaterTubes2.uexp" 1906
"D:/Unreal-Projects/ObservationDuty/Content/StorePropsCollection/StaticMeshes/EengineeringCommunications1/SM_HeaterTubes5.ubulk" 1907
"D:/Unreal-Projects/ObservationDuty/Content/StorePropsCollection/StaticMeshes/EengineeringCommunications1/SM_HeaterTubes5.uasset" 1908
"D:/Unreal-Projects/ObservationDuty/Content/StorePropsCollection/StaticMeshes/EengineeringCommunications1/SM_HeaterTubes5.uexp" 1909
"D:/Unreal-Projects/ObservationDuty/Content/StorePropsCollection/StaticMeshes/EengineeringCommunications1/SM_HeaterTubes6.ubulk" 1910
"D:/Unreal-Projects/ObservationDuty/Content/StorePropsCollection/StaticMeshes/EengineeringCommunications1/SM_HeaterTubes6.uasset" 1911
"D:/Unreal-Projects/ObservationDuty/Content/StorePropsCollection/StaticMeshes/EengineeringCommunications1/SM_HeaterTubes6.uexp" 1912
"D:/Unreal-Projects/ObservationDuty/Content/StorePropsCollection/Materials/Wire/M_Wire.uasset" 1913
"D:/Unreal-Projects/ObservationDuty/Content/StorePropsCollection/Materials/Wire/M_Wire.uexp" 1914
"D:/Unreal-Projects/ObservationDuty/Content/StorePropsCollection/StaticMeshes/EengineeringCommunications1/SM_Lamp6.ubulk" 1915
"D:/Unreal-Projects/ObservationDuty/Content/StorePropsCollection/StaticMeshes/EengineeringCommunications1/SM_Lamp6.uasset" 1916
"D:/Unreal-Projects/ObservationDuty/Content/StorePropsCollection/StaticMeshes/EengineeringCommunications1/SM_Lamp6.uexp" 1917
"D:/Unreal-Projects/ObservationDuty/Content/StorePropsCollection/Textures/T_Blank.ubulk" 1918
"D:/Unreal-Projects/ObservationDuty/Content/StorePropsCollection/Textures/T_Blank.uasset" 1919
"D:/Unreal-Projects/ObservationDuty/Content/StorePropsCollection/Textures/T_Blank.uexp" 1920
"D:/Unreal-Projects/ObservationDuty/Content/StorePropsCollection/Materials/MasterMaterials/M_SimpleEmissionMasterMaterial.uasset" 1921
"D:/Unreal-Projects/ObservationDuty/Content/StorePropsCollection/Materials/MasterMaterials/M_SimpleEmissionMasterMaterial.uexp" 1922
"D:/Unreal-Projects/ObservationDuty/Content/StorePropsCollection/Materials/Emission/MI_SimpleLampEmission.uasset" 1923
"D:/Unreal-Projects/ObservationDuty/Content/StorePropsCollection/Materials/Emission/MI_SimpleLampEmission.uexp" 1924
"D:/Unreal-Projects/ObservationDuty/Content/StorePropsCollection/StaticMeshes/EengineeringCommunications1/SM_PendantLamp.ubulk" 1925
"D:/Unreal-Projects/ObservationDuty/Content/StorePropsCollection/StaticMeshes/EengineeringCommunications1/SM_PendantLamp.uasset" 1926
"D:/Unreal-Projects/ObservationDuty/Content/StorePropsCollection/StaticMeshes/EengineeringCommunications1/SM_PendantLamp.uexp" 1927
"D:/Unreal-Projects/ObservationDuty/Content/StorePropsCollection/StaticMeshes/EengineeringCommunications1/SM_Tube1.ubulk" 1928
"D:/Unreal-Projects/ObservationDuty/Content/StorePropsCollection/StaticMeshes/EengineeringCommunications1/SM_Tube1.uasset" 1929
"D:/Unreal-Projects/ObservationDuty/Content/StorePropsCollection/StaticMeshes/EengineeringCommunications1/SM_Tube1.uexp" 1930
"D:/Unreal-Projects/ObservationDuty/Content/StorePropsCollection/StaticMeshes/EengineeringCommunications1/SM_Tube2.ubulk" 1931
"D:/Unreal-Projects/ObservationDuty/Content/StorePropsCollection/StaticMeshes/EengineeringCommunications1/SM_Tube2.uasset" 1932
"D:/Unreal-Projects/ObservationDuty/Content/StorePropsCollection/StaticMeshes/EengineeringCommunications1/SM_Tube2.uexp" 1933
"D:/Unreal-Projects/ObservationDuty/Content/StorePropsCollection/StaticMeshes/EengineeringCommunications1/SM_Vent1.ubulk" 1934
"D:/Unreal-Projects/ObservationDuty/Content/StorePropsCollection/StaticMeshes/EengineeringCommunications1/SM_Vent1.uasset" 1935
"D:/Unreal-Projects/ObservationDuty/Content/StorePropsCollection/StaticMeshes/EengineeringCommunications1/SM_Vent1.uexp" 1936
"D:/Unreal-Projects/ObservationDuty/Content/StorePropsCollection/StaticMeshes/EengineeringCommunications2/Textures/T_Communications2_Base_Color.ubulk" 1937
"D:/Unreal-Projects/ObservationDuty/Content/StorePropsCollection/StaticMeshes/EengineeringCommunications2/Textures/T_Communications2_Base_Color.uasset" 1938
"D:/Unreal-Projects/ObservationDuty/Content/StorePropsCollection/StaticMeshes/EengineeringCommunications2/Textures/T_Communications2_Base_Color.uexp" 1939
"D:/Unreal-Projects/ObservationDuty/Content/StorePropsCollection/StaticMeshes/EengineeringCommunications2/Textures/T_Communications2_Metallic.ubulk" 1940
"D:/Unreal-Projects/ObservationDuty/Content/StorePropsCollection/StaticMeshes/EengineeringCommunications2/Textures/T_Communications2_Metallic.uasset" 1941
"D:/Unreal-Projects/ObservationDuty/Content/StorePropsCollection/StaticMeshes/EengineeringCommunications2/Textures/T_Communications2_Metallic.uexp" 1942
"D:/Unreal-Projects/ObservationDuty/Content/StorePropsCollection/StaticMeshes/EengineeringCommunications2/Textures/T_Communications2_Mixed_AO.ubulk" 1943
"D:/Unreal-Projects/ObservationDuty/Content/StorePropsCollection/StaticMeshes/EengineeringCommunications2/Textures/T_Communications2_Mixed_AO.uasset" 1944
"D:/Unreal-Projects/ObservationDuty/Content/StorePropsCollection/StaticMeshes/EengineeringCommunications2/Textures/T_Communications2_Mixed_AO.uexp" 1945
"D:/Unreal-Projects/ObservationDuty/Content/StorePropsCollection/StaticMeshes/EengineeringCommunications2/Textures/T_Communications2_Normal_OpenGL.ubulk" 1946
"D:/Unreal-Projects/ObservationDuty/Content/StorePropsCollection/StaticMeshes/EengineeringCommunications2/Textures/T_Communications2_Normal_OpenGL.uasset" 1947
"D:/Unreal-Projects/ObservationDuty/Content/StorePropsCollection/StaticMeshes/EengineeringCommunications2/Textures/T_Communications2_Normal_OpenGL.uexp" 1948
"D:/Unreal-Projects/ObservationDuty/Content/StorePropsCollection/StaticMeshes/EengineeringCommunications2/Textures/T_Communications2_Roughness.ubulk" 1949
"D:/Unreal-Projects/ObservationDuty/Content/StorePropsCollection/StaticMeshes/EengineeringCommunications2/Textures/T_Communications2_Roughness.uasset" 1950
"D:/Unreal-Projects/ObservationDuty/Content/StorePropsCollection/StaticMeshes/EengineeringCommunications2/Textures/T_Communications2_Roughness.uexp" 1951
"D:/Unreal-Projects/ObservationDuty/Content/StorePropsCollection/StaticMeshes/EengineeringCommunications2/Materials/M_EengineeringCommunications_2.uasset" 1952
"D:/Unreal-Projects/ObservationDuty/Content/StorePropsCollection/StaticMeshes/EengineeringCommunications2/Materials/M_EengineeringCommunications_2.uexp" 1953
"D:/Unreal-Projects/ObservationDuty/Content/StorePropsCollection/StaticMeshes/EengineeringCommunications2/SM_Panel2.ubulk" 1954
"D:/Unreal-Projects/ObservationDuty/Content/StorePropsCollection/StaticMeshes/EengineeringCommunications2/SM_Panel2.uasset" 1955
"D:/Unreal-Projects/ObservationDuty/Content/StorePropsCollection/StaticMeshes/EengineeringCommunications2/SM_Panel2.uexp" 1956
"D:/Unreal-Projects/ObservationDuty/Content/StorePropsCollection/StaticMeshes/EengineeringCommunications2/SM_Radiator.ubulk" 1957
"D:/Unreal-Projects/ObservationDuty/Content/StorePropsCollection/StaticMeshes/EengineeringCommunications2/SM_Radiator.uasset" 1958
"D:/Unreal-Projects/ObservationDuty/Content/StorePropsCollection/StaticMeshes/EengineeringCommunications2/SM_Radiator.uexp" 1959
"D:/Unreal-Projects/ObservationDuty/Content/StorePropsCollection/StaticMeshes/EengineeringCommunications3/Textures/T_Communication3_Base_Color.ubulk" 1960
"D:/Unreal-Projects/ObservationDuty/Content/StorePropsCollection/StaticMeshes/EengineeringCommunications3/Textures/T_Communication3_Base_Color.uasset" 1961
"D:/Unreal-Projects/ObservationDuty/Content/StorePropsCollection/StaticMeshes/EengineeringCommunications3/Textures/T_Communication3_Base_Color.uexp" 1962
"D:/Unreal-Projects/ObservationDuty/Content/StorePropsCollection/StaticMeshes/EengineeringCommunications3/Textures/T_Communication3_Metallic.ubulk" 1963
"D:/Unreal-Projects/ObservationDuty/Content/StorePropsCollection/StaticMeshes/EengineeringCommunications3/Textures/T_Communication3_Metallic.uasset" 1964
"D:/Unreal-Projects/ObservationDuty/Content/StorePropsCollection/StaticMeshes/EengineeringCommunications3/Textures/T_Communication3_Metallic.uexp" 1965
"D:/Unreal-Projects/ObservationDuty/Content/StorePropsCollection/StaticMeshes/EengineeringCommunications3/Textures/T_Communication3_Mixed_AO.ubulk" 1966
"D:/Unreal-Projects/ObservationDuty/Content/StorePropsCollection/StaticMeshes/EengineeringCommunications3/Textures/T_Communication3_Mixed_AO.uasset" 1967
"D:/Unreal-Projects/ObservationDuty/Content/StorePropsCollection/StaticMeshes/EengineeringCommunications3/Textures/T_Communication3_Mixed_AO.uexp" 1968
"D:/Unreal-Projects/ObservationDuty/Content/StorePropsCollection/StaticMeshes/EengineeringCommunications3/Textures/T_Communication3_Normal_OpenGL.ubulk" 1969
"D:/Unreal-Projects/ObservationDuty/Content/StorePropsCollection/StaticMeshes/EengineeringCommunications3/Textures/T_Communication3_Normal_OpenGL.uasset" 1970
"D:/Unreal-Projects/ObservationDuty/Content/StorePropsCollection/StaticMeshes/EengineeringCommunications3/Textures/T_Communication3_Normal_OpenGL.uexp" 1971
"D:/Unreal-Projects/ObservationDuty/Content/StorePropsCollection/StaticMeshes/EengineeringCommunications3/Textures/T_Communication3_Roughness.ubulk" 1972
"D:/Unreal-Projects/ObservationDuty/Content/StorePropsCollection/StaticMeshes/EengineeringCommunications3/Textures/T_Communication3_Roughness.uasset" 1973
"D:/Unreal-Projects/ObservationDuty/Content/StorePropsCollection/StaticMeshes/EengineeringCommunications3/Textures/T_Communication3_Roughness.uexp" 1974
"D:/Unreal-Projects/ObservationDuty/Content/StorePropsCollection/StaticMeshes/EengineeringCommunications3/Materials/M_EengineeringCommunications_3.uasset" 1975
"D:/Unreal-Projects/ObservationDuty/Content/StorePropsCollection/StaticMeshes/EengineeringCommunications3/Materials/M_EengineeringCommunications_3.uexp" 1976
"D:/Unreal-Projects/ObservationDuty/Content/StorePropsCollection/StaticMeshes/EengineeringCommunications3/SM_Cabel3.ubulk" 1977
"D:/Unreal-Projects/ObservationDuty/Content/StorePropsCollection/StaticMeshes/EengineeringCommunications3/SM_Cabel3.uasset" 1978
"D:/Unreal-Projects/ObservationDuty/Content/StorePropsCollection/StaticMeshes/EengineeringCommunications3/SM_Cabel3.uexp" 1979
"D:/Unreal-Projects/ObservationDuty/Content/StorePropsCollection/StaticMeshes/EengineeringCommunications3/SM_Cabel4.ubulk" 1980
"D:/Unreal-Projects/ObservationDuty/Content/StorePropsCollection/StaticMeshes/EengineeringCommunications3/SM_Cabel4.uasset" 1981
"D:/Unreal-Projects/ObservationDuty/Content/StorePropsCollection/StaticMeshes/EengineeringCommunications3/SM_Cabel4.uexp" 1982
"D:/Unreal-Projects/ObservationDuty/Content/StorePropsCollection/StaticMeshes/EengineeringCommunications3/SM_Tube2.ubulk" 1983
"D:/Unreal-Projects/ObservationDuty/Content/StorePropsCollection/StaticMeshes/EengineeringCommunications3/SM_Tube2.uasset" 1984
"D:/Unreal-Projects/ObservationDuty/Content/StorePropsCollection/StaticMeshes/EengineeringCommunications3/SM_Tube2.uexp" 1985
"D:/Unreal-Projects/ObservationDuty/Content/StorePropsCollection/StaticMeshes/GasCylinders/Textures/T_GasCylinders_AO.ubulk" 1986
"D:/Unreal-Projects/ObservationDuty/Content/StorePropsCollection/StaticMeshes/GasCylinders/Textures/T_GasCylinders_AO.uasset" 1987
"D:/Unreal-Projects/ObservationDuty/Content/StorePropsCollection/StaticMeshes/GasCylinders/Textures/T_GasCylinders_AO.uexp" 1988
"D:/Unreal-Projects/ObservationDuty/Content/StorePropsCollection/StaticMeshes/GasCylinders/Textures/T_GasCylinders_BaseColor.ubulk" 1989
"D:/Unreal-Projects/ObservationDuty/Content/StorePropsCollection/StaticMeshes/GasCylinders/Textures/T_GasCylinders_BaseColor.uasset" 1990
"D:/Unreal-Projects/ObservationDuty/Content/StorePropsCollection/StaticMeshes/GasCylinders/Textures/T_GasCylinders_BaseColor.uexp" 1991
"D:/Unreal-Projects/ObservationDuty/Content/StorePropsCollection/StaticMeshes/GasCylinders/Textures/T_GasCylinders_Metallic.ubulk" 1992
"D:/Unreal-Projects/ObservationDuty/Content/StorePropsCollection/StaticMeshes/GasCylinders/Textures/T_GasCylinders_Metallic.uasset" 1993
"D:/Unreal-Projects/ObservationDuty/Content/StorePropsCollection/StaticMeshes/GasCylinders/Textures/T_GasCylinders_Metallic.uexp" 1994
"D:/Unreal-Projects/ObservationDuty/Content/StorePropsCollection/StaticMeshes/GasCylinders/Textures/T_GasCylinders_Normal.ubulk" 1995
"D:/Unreal-Projects/ObservationDuty/Content/StorePropsCollection/StaticMeshes/GasCylinders/Textures/T_GasCylinders_Normal.uasset" 1996
"D:/Unreal-Projects/ObservationDuty/Content/StorePropsCollection/StaticMeshes/GasCylinders/Textures/T_GasCylinders_Normal.uexp" 1997
"D:/Unreal-Projects/ObservationDuty/Content/StorePropsCollection/StaticMeshes/GasCylinders/Textures/T_GasCylinders_Roughness.ubulk" 1998
"D:/Unreal-Projects/ObservationDuty/Content/StorePropsCollection/StaticMeshes/GasCylinders/Textures/T_GasCylinders_Roughness.uasset" 1999
"D:/Unreal-Projects/ObservationDuty/Content/StorePropsCollection/StaticMeshes/GasCylinders/Textures/T_GasCylinders_Roughness.uexp" 2000
"D:/Unreal-Projects/ObservationDuty/Content/StorePropsCollection/StaticMeshes/GasCylinders/Materials/M_GasCylinders.uasset" 2001
"D:/Unreal-Projects/ObservationDuty/Content/StorePropsCollection/StaticMeshes/GasCylinders/Materials/M_GasCylinders.uexp" 2002
"D:/Unreal-Projects/ObservationDuty/Content/StorePropsCollection/StaticMeshes/GasCylinders/SM_Extinguisher2.ubulk" 2003
"D:/Unreal-Projects/ObservationDuty/Content/StorePropsCollection/StaticMeshes/GasCylinders/SM_Extinguisher2.uasset" 2004
"D:/Unreal-Projects/ObservationDuty/Content/StorePropsCollection/StaticMeshes/GasCylinders/SM_Extinguisher2.uexp" 2005
"D:/Unreal-Projects/ObservationDuty/Content/StorePropsCollection/StaticMeshes/GasCylinders/SM_FireLocker.ubulk" 2006
"D:/Unreal-Projects/ObservationDuty/Content/StorePropsCollection/StaticMeshes/GasCylinders/SM_FireLocker.uasset" 2007
"D:/Unreal-Projects/ObservationDuty/Content/StorePropsCollection/StaticMeshes/GasCylinders/SM_FireLocker.uexp" 2008
"D:/Unreal-Projects/ObservationDuty/Content/StorePropsCollection/StaticMeshes/GasCylinders/SM_FireLocker_Door.ubulk" 2009
"D:/Unreal-Projects/ObservationDuty/Content/StorePropsCollection/StaticMeshes/GasCylinders/SM_FireLocker_Door.uasset" 2010
"D:/Unreal-Projects/ObservationDuty/Content/StorePropsCollection/StaticMeshes/GasCylinders/SM_FireLocker_Door.uexp" 2011
"D:/Unreal-Projects/ObservationDuty/Content/StorePropsCollection/StaticMeshes/GasCylinders/SM_GasCart.ubulk" 2012
"D:/Unreal-Projects/ObservationDuty/Content/StorePropsCollection/StaticMeshes/GasCylinders/SM_GasCart.uasset" 2013
"D:/Unreal-Projects/ObservationDuty/Content/StorePropsCollection/StaticMeshes/GasCylinders/SM_GasCart.uexp" 2014
"D:/Unreal-Projects/ObservationDuty/Content/StorePropsCollection/StaticMeshes/GasCylinders/SM_GasCylinder1.ubulk" 2015
"D:/Unreal-Projects/ObservationDuty/Content/StorePropsCollection/StaticMeshes/GasCylinders/SM_GasCylinder1.uasset" 2016
"D:/Unreal-Projects/ObservationDuty/Content/StorePropsCollection/StaticMeshes/GasCylinders/SM_GasCylinder1.uexp" 2017
"D:/Unreal-Projects/ObservationDuty/Content/StorePropsCollection/StaticMeshes/GasCylinders/SM_GasCylinder2.ubulk" 2018
"D:/Unreal-Projects/ObservationDuty/Content/StorePropsCollection/StaticMeshes/GasCylinders/SM_GasCylinder2.uasset" 2019
"D:/Unreal-Projects/ObservationDuty/Content/StorePropsCollection/StaticMeshes/GasCylinders/SM_GasCylinder2.uexp" 2020
"D:/Unreal-Projects/ObservationDuty/Content/StorePropsCollection/StaticMeshes/GasCylinders/SM_GasCylinder3.ubulk" 2021
"D:/Unreal-Projects/ObservationDuty/Content/StorePropsCollection/StaticMeshes/GasCylinders/SM_GasCylinder3.uasset" 2022
"D:/Unreal-Projects/ObservationDuty/Content/StorePropsCollection/StaticMeshes/GasCylinders/SM_GasCylinder3.uexp" 2023
"D:/Unreal-Projects/ObservationDuty/Content/StorePropsCollection/StaticMeshes/KitchenFurniture/Textures/T_KitchenFurniture_AO.ubulk" 2024
"D:/Unreal-Projects/ObservationDuty/Content/StorePropsCollection/StaticMeshes/KitchenFurniture/Textures/T_KitchenFurniture_AO.uasset" 2025
"D:/Unreal-Projects/ObservationDuty/Content/StorePropsCollection/StaticMeshes/KitchenFurniture/Textures/T_KitchenFurniture_AO.uexp" 2026
"D:/Unreal-Projects/ObservationDuty/Content/StorePropsCollection/StaticMeshes/KitchenFurniture/Textures/T_KitchenFurniture_BaseColor.ubulk" 2027
"D:/Unreal-Projects/ObservationDuty/Content/StorePropsCollection/StaticMeshes/KitchenFurniture/Textures/T_KitchenFurniture_BaseColor.uasset" 2028
"D:/Unreal-Projects/ObservationDuty/Content/StorePropsCollection/StaticMeshes/KitchenFurniture/Textures/T_KitchenFurniture_BaseColor.uexp" 2029
"D:/Unreal-Projects/ObservationDuty/Content/StorePropsCollection/StaticMeshes/KitchenFurniture/Textures/T_KitchenFurniture_Emissive.ubulk" 2030
"D:/Unreal-Projects/ObservationDuty/Content/StorePropsCollection/StaticMeshes/KitchenFurniture/Textures/T_KitchenFurniture_Emissive.uasset" 2031
"D:/Unreal-Projects/ObservationDuty/Content/StorePropsCollection/StaticMeshes/KitchenFurniture/Textures/T_KitchenFurniture_Emissive.uexp" 2032
"D:/Unreal-Projects/ObservationDuty/Content/StorePropsCollection/StaticMeshes/KitchenFurniture/Textures/T_KitchenFurniture_Metallic.ubulk" 2033
"D:/Unreal-Projects/ObservationDuty/Content/StorePropsCollection/StaticMeshes/KitchenFurniture/Textures/T_KitchenFurniture_Metallic.uasset" 2034
"D:/Unreal-Projects/ObservationDuty/Content/StorePropsCollection/StaticMeshes/KitchenFurniture/Textures/T_KitchenFurniture_Metallic.uexp" 2035
"D:/Unreal-Projects/ObservationDuty/Content/StorePropsCollection/StaticMeshes/KitchenFurniture/Textures/T_KitchenFurniture_Normal.ubulk" 2036
"D:/Unreal-Projects/ObservationDuty/Content/StorePropsCollection/StaticMeshes/KitchenFurniture/Textures/T_KitchenFurniture_Normal.uasset" 2037
"D:/Unreal-Projects/ObservationDuty/Content/StorePropsCollection/StaticMeshes/KitchenFurniture/Textures/T_KitchenFurniture_Normal.uexp" 2038
"D:/Unreal-Projects/ObservationDuty/Content/StorePropsCollection/StaticMeshes/KitchenFurniture/Textures/T_KitchenFurniture_Roughness.ubulk" 2039
"D:/Unreal-Projects/ObservationDuty/Content/StorePropsCollection/StaticMeshes/KitchenFurniture/Textures/T_KitchenFurniture_Roughness.uasset" 2040
"D:/Unreal-Projects/ObservationDuty/Content/StorePropsCollection/StaticMeshes/KitchenFurniture/Textures/T_KitchenFurniture_Roughness.uexp" 2041
"D:/Unreal-Projects/ObservationDuty/Content/StorePropsCollection/StaticMeshes/KitchenFurniture/Materials/M_KitchenFurniture.uasset" 2042
"D:/Unreal-Projects/ObservationDuty/Content/StorePropsCollection/StaticMeshes/KitchenFurniture/Materials/M_KitchenFurniture.uexp" 2043
"D:/Unreal-Projects/ObservationDuty/Content/StorePropsCollection/StaticMeshes/KitchenFurniture/SM_Chair2.ubulk" 2044
"D:/Unreal-Projects/ObservationDuty/Content/StorePropsCollection/StaticMeshes/KitchenFurniture/SM_Chair2.uasset" 2045
"D:/Unreal-Projects/ObservationDuty/Content/StorePropsCollection/StaticMeshes/KitchenFurniture/SM_Chair2.uexp" 2046
"D:/Unreal-Projects/ObservationDuty/Content/StorePropsCollection/StaticMeshes/KitchenFurniture/SM_Table2.ubulk" 2047
"D:/Unreal-Projects/ObservationDuty/Content/StorePropsCollection/StaticMeshes/KitchenFurniture/SM_Table2.uasset" 2048
"D:/Unreal-Projects/ObservationDuty/Content/StorePropsCollection/StaticMeshes/KitchenFurniture/SM_Table2.uexp" 2049
"D:/Unreal-Projects/ObservationDuty/Content/StorePropsCollection/StaticMeshes/MarketAssets/Textures/T_MarketAssets_AO.ubulk" 2050
"D:/Unreal-Projects/ObservationDuty/Content/StorePropsCollection/StaticMeshes/MarketAssets/Textures/T_MarketAssets_AO.uasset" 2051
"D:/Unreal-Projects/ObservationDuty/Content/StorePropsCollection/StaticMeshes/MarketAssets/Textures/T_MarketAssets_AO.uexp" 2052
"D:/Unreal-Projects/ObservationDuty/Content/StorePropsCollection/StaticMeshes/MarketAssets/Textures/T_MarketAssets_BaseColor.ubulk" 2053
"D:/Unreal-Projects/ObservationDuty/Content/StorePropsCollection/StaticMeshes/MarketAssets/Textures/T_MarketAssets_BaseColor.uasset" 2054
"D:/Unreal-Projects/ObservationDuty/Content/StorePropsCollection/StaticMeshes/MarketAssets/Textures/T_MarketAssets_BaseColor.uexp" 2055
"D:/Unreal-Projects/ObservationDuty/Content/StorePropsCollection/StaticMeshes/MarketAssets/Textures/T_MarketAssets_Emissive.ubulk" 2056
"D:/Unreal-Projects/ObservationDuty/Content/StorePropsCollection/StaticMeshes/MarketAssets/Textures/T_MarketAssets_Emissive.uasset" 2057
"D:/Unreal-Projects/ObservationDuty/Content/StorePropsCollection/StaticMeshes/MarketAssets/Textures/T_MarketAssets_Emissive.uexp" 2058
"D:/Unreal-Projects/ObservationDuty/Content/StorePropsCollection/StaticMeshes/MarketAssets/Textures/T_MarketAssets_Metallic.ubulk" 2059
"D:/Unreal-Projects/ObservationDuty/Content/StorePropsCollection/StaticMeshes/MarketAssets/Textures/T_MarketAssets_Metallic.uasset" 2060
"D:/Unreal-Projects/ObservationDuty/Content/StorePropsCollection/StaticMeshes/MarketAssets/Textures/T_MarketAssets_Metallic.uexp" 2061
"D:/Unreal-Projects/ObservationDuty/Content/StorePropsCollection/StaticMeshes/MarketAssets/Textures/T_MarketAssets_Normal.ubulk" 2062
"D:/Unreal-Projects/ObservationDuty/Content/StorePropsCollection/StaticMeshes/MarketAssets/Textures/T_MarketAssets_Normal.uasset" 2063
"D:/Unreal-Projects/ObservationDuty/Content/StorePropsCollection/StaticMeshes/MarketAssets/Textures/T_MarketAssets_Normal.uexp" 2064
"D:/Unreal-Projects/ObservationDuty/Content/StorePropsCollection/StaticMeshes/MarketAssets/Textures/T_MarketAssets_Roughness.ubulk" 2065
"D:/Unreal-Projects/ObservationDuty/Content/StorePropsCollection/StaticMeshes/MarketAssets/Textures/T_MarketAssets_Roughness.uasset" 2066
"D:/Unreal-Projects/ObservationDuty/Content/StorePropsCollection/StaticMeshes/MarketAssets/Textures/T_MarketAssets_Roughness.uexp" 2067
"D:/Unreal-Projects/ObservationDuty/Content/StorePropsCollection/StaticMeshes/MarketAssets/M_MarketAssets.uasset" 2068
"D:/Unreal-Projects/ObservationDuty/Content/StorePropsCollection/StaticMeshes/MarketAssets/M_MarketAssets.uexp" 2069
"D:/Unreal-Projects/ObservationDuty/Content/StorePropsCollection/StaticMeshes/MarketAssets/SM_CashRegister.ubulk" 2070
"D:/Unreal-Projects/ObservationDuty/Content/StorePropsCollection/StaticMeshes/MarketAssets/SM_CashRegister.uasset" 2071
"D:/Unreal-Projects/ObservationDuty/Content/StorePropsCollection/StaticMeshes/MarketAssets/SM_CashRegister.uexp" 2072
"D:/Unreal-Projects/ObservationDuty/Content/StorePropsCollection/StaticMeshes/MarketAssets/SM_Clock2.ubulk" 2073
"D:/Unreal-Projects/ObservationDuty/Content/StorePropsCollection/StaticMeshes/MarketAssets/SM_Clock2.uasset" 2074
"D:/Unreal-Projects/ObservationDuty/Content/StorePropsCollection/StaticMeshes/MarketAssets/SM_Clock2.uexp" 2075
"D:/Unreal-Projects/ObservationDuty/Content/StorePropsCollection/Materials/Emission/MI_DisplayEmission.uasset" 2076
"D:/Unreal-Projects/ObservationDuty/Content/StorePropsCollection/Materials/Emission/MI_DisplayEmission.uexp" 2077
"D:/Unreal-Projects/ObservationDuty/Content/StorePropsCollection/StaticMeshes/MarketAssets/SM_Display1.ubulk" 2078
"D:/Unreal-Projects/ObservationDuty/Content/StorePropsCollection/StaticMeshes/MarketAssets/SM_Display1.uasset" 2079
"D:/Unreal-Projects/ObservationDuty/Content/StorePropsCollection/StaticMeshes/MarketAssets/SM_Display1.uexp" 2080
"D:/Unreal-Projects/ObservationDuty/Content/StorePropsCollection/StaticMeshes/MarketAssets/SM_Keyboard.ubulk" 2081
"D:/Unreal-Projects/ObservationDuty/Content/StorePropsCollection/StaticMeshes/MarketAssets/SM_Keyboard.uasset" 2082
"D:/Unreal-Projects/ObservationDuty/Content/StorePropsCollection/StaticMeshes/MarketAssets/SM_Keyboard.uexp" 2083
"D:/Unreal-Projects/ObservationDuty/Content/StorePropsCollection/StaticMeshes/MarketAssets/SM_Lamp.ubulk" 2084
"D:/Unreal-Projects/ObservationDuty/Content/StorePropsCollection/StaticMeshes/MarketAssets/SM_Lamp.uasset" 2085
"D:/Unreal-Projects/ObservationDuty/Content/StorePropsCollection/StaticMeshes/MarketAssets/SM_Lamp.uexp" 2086
"D:/Unreal-Projects/ObservationDuty/Content/StorePropsCollection/StaticMeshes/MarketAssets/SM_Mouse.ubulk" 2087
"D:/Unreal-Projects/ObservationDuty/Content/StorePropsCollection/StaticMeshes/MarketAssets/SM_Mouse.uasset" 2088
"D:/Unreal-Projects/ObservationDuty/Content/StorePropsCollection/StaticMeshes/MarketAssets/SM_Mouse.uexp" 2089
"D:/Unreal-Projects/ObservationDuty/Content/StorePropsCollection/StaticMeshes/MarketAssets/SM_PC.ubulk" 2090
"D:/Unreal-Projects/ObservationDuty/Content/StorePropsCollection/StaticMeshes/MarketAssets/SM_PC.uasset" 2091
"D:/Unreal-Projects/ObservationDuty/Content/StorePropsCollection/StaticMeshes/MarketAssets/SM_PC.uexp" 2092
"D:/Unreal-Projects/ObservationDuty/Content/StorePropsCollection/StaticMeshes/MarketAssets/SM_Phone.ubulk" 2093
"D:/Unreal-Projects/ObservationDuty/Content/StorePropsCollection/StaticMeshes/MarketAssets/SM_Phone.uasset" 2094
"D:/Unreal-Projects/ObservationDuty/Content/StorePropsCollection/StaticMeshes/MarketAssets/SM_Phone.uexp" 2095
"D:/Unreal-Projects/ObservationDuty/Content/StorePropsCollection/StaticMeshes/OfficeFurniture/Textures/T_SecurityRoom_AO.ubulk" 2096
"D:/Unreal-Projects/ObservationDuty/Content/StorePropsCollection/StaticMeshes/OfficeFurniture/Textures/T_SecurityRoom_AO.uasset" 2097
"D:/Unreal-Projects/ObservationDuty/Content/StorePropsCollection/StaticMeshes/OfficeFurniture/Textures/T_SecurityRoom_AO.uexp" 2098
"D:/Unreal-Projects/ObservationDuty/Content/StorePropsCollection/StaticMeshes/OfficeFurniture/Textures/T_SecurityRoom_BaseColor.ubulk" 2099
"D:/Unreal-Projects/ObservationDuty/Content/StorePropsCollection/StaticMeshes/OfficeFurniture/Textures/T_SecurityRoom_BaseColor.uasset" 2100
"D:/Unreal-Projects/ObservationDuty/Content/StorePropsCollection/StaticMeshes/OfficeFurniture/Textures/T_SecurityRoom_BaseColor.uexp" 2101
"D:/Unreal-Projects/ObservationDuty/Content/StorePropsCollection/StaticMeshes/OfficeFurniture/Textures/T_SecurityRoom_Metallic.ubulk" 2102
"D:/Unreal-Projects/ObservationDuty/Content/StorePropsCollection/StaticMeshes/OfficeFurniture/Textures/T_SecurityRoom_Metallic.uasset" 2103
"D:/Unreal-Projects/ObservationDuty/Content/StorePropsCollection/StaticMeshes/OfficeFurniture/Textures/T_SecurityRoom_Metallic.uexp" 2104
"D:/Unreal-Projects/ObservationDuty/Content/StorePropsCollection/StaticMeshes/OfficeFurniture/Textures/T_SecurityRoom_Normal.ubulk" 2105
"D:/Unreal-Projects/ObservationDuty/Content/StorePropsCollection/StaticMeshes/OfficeFurniture/Textures/T_SecurityRoom_Normal.uasset" 2106
"D:/Unreal-Projects/ObservationDuty/Content/StorePropsCollection/StaticMeshes/OfficeFurniture/Textures/T_SecurityRoom_Normal.uexp" 2107
"D:/Unreal-Projects/ObservationDuty/Content/StorePropsCollection/StaticMeshes/OfficeFurniture/Textures/T_SecurityRoom_Roughness.ubulk" 2108
"D:/Unreal-Projects/ObservationDuty/Content/StorePropsCollection/StaticMeshes/OfficeFurniture/Textures/T_SecurityRoom_Roughness.uasset" 2109
"D:/Unreal-Projects/ObservationDuty/Content/StorePropsCollection/StaticMeshes/OfficeFurniture/Textures/T_SecurityRoom_Roughness.uexp" 2110
"D:/Unreal-Projects/ObservationDuty/Content/StorePropsCollection/StaticMeshes/OfficeFurniture/Materials/M_SecurityRoom.uasset" 2111
"D:/Unreal-Projects/ObservationDuty/Content/StorePropsCollection/StaticMeshes/OfficeFurniture/Materials/M_SecurityRoom.uexp" 2112
"D:/Unreal-Projects/ObservationDuty/Content/StorePropsCollection/StaticMeshes/OfficeFurniture/SM_Locker.ubulk" 2113
"D:/Unreal-Projects/ObservationDuty/Content/StorePropsCollection/StaticMeshes/OfficeFurniture/SM_Locker.uasset" 2114
"D:/Unreal-Projects/ObservationDuty/Content/StorePropsCollection/StaticMeshes/OfficeFurniture/SM_Locker.uexp" 2115
"D:/Unreal-Projects/ObservationDuty/Content/StorePropsCollection/StaticMeshes/OfficeFurniture/SM_Locker2.ubulk" 2116
"D:/Unreal-Projects/ObservationDuty/Content/StorePropsCollection/StaticMeshes/OfficeFurniture/SM_Locker2.uasset" 2117
"D:/Unreal-Projects/ObservationDuty/Content/StorePropsCollection/StaticMeshes/OfficeFurniture/SM_Locker2.uexp" 2118
"D:/Unreal-Projects/ObservationDuty/Content/StorePropsCollection/StaticMeshes/OfficeFurniture/SM_OfficeBox.ubulk" 2119
"D:/Unreal-Projects/ObservationDuty/Content/StorePropsCollection/StaticMeshes/OfficeFurniture/SM_OfficeBox.uasset" 2120
"D:/Unreal-Projects/ObservationDuty/Content/StorePropsCollection/StaticMeshes/OfficeFurniture/SM_OfficeBox.uexp" 2121
"D:/Unreal-Projects/ObservationDuty/Content/StorePropsCollection/StaticMeshes/OfficeFurniture/SM_OfficeChair.ubulk" 2122
"D:/Unreal-Projects/ObservationDuty/Content/StorePropsCollection/StaticMeshes/OfficeFurniture/SM_OfficeChair.uasset" 2123
"D:/Unreal-Projects/ObservationDuty/Content/StorePropsCollection/StaticMeshes/OfficeFurniture/SM_OfficeChair.uexp" 2124
"D:/Unreal-Projects/ObservationDuty/Content/StorePropsCollection/StaticMeshes/OfficeFurniture/SM_OfficeTable.ubulk" 2125
"D:/Unreal-Projects/ObservationDuty/Content/StorePropsCollection/StaticMeshes/OfficeFurniture/SM_OfficeTable.uasset" 2126
"D:/Unreal-Projects/ObservationDuty/Content/StorePropsCollection/StaticMeshes/OfficeFurniture/SM_OfficeTable.uexp" 2127
"D:/Unreal-Projects/ObservationDuty/Content/StorePropsCollection/StaticMeshes/OfficeKitchen/Textures/T_OfficeKitchen_AO.ubulk" 2128
"D:/Unreal-Projects/ObservationDuty/Content/StorePropsCollection/StaticMeshes/OfficeKitchen/Textures/T_OfficeKitchen_AO.uasset" 2129
"D:/Unreal-Projects/ObservationDuty/Content/StorePropsCollection/StaticMeshes/OfficeKitchen/Textures/T_OfficeKitchen_AO.uexp" 2130
"D:/Unreal-Projects/ObservationDuty/Content/StorePropsCollection/StaticMeshes/OfficeKitchen/Textures/T_OfficeKitchen_BaseColor.ubulk" 2131
"D:/Unreal-Projects/ObservationDuty/Content/StorePropsCollection/StaticMeshes/OfficeKitchen/Textures/T_OfficeKitchen_BaseColor.uasset" 2132
"D:/Unreal-Projects/ObservationDuty/Content/StorePropsCollection/StaticMeshes/OfficeKitchen/Textures/T_OfficeKitchen_BaseColor.uexp" 2133
"D:/Unreal-Projects/ObservationDuty/Content/StorePropsCollection/StaticMeshes/OfficeKitchen/Textures/T_OfficeKitchen_Metallic.ubulk" 2134
"D:/Unreal-Projects/ObservationDuty/Content/StorePropsCollection/StaticMeshes/OfficeKitchen/Textures/T_OfficeKitchen_Metallic.uasset" 2135
"D:/Unreal-Projects/ObservationDuty/Content/StorePropsCollection/StaticMeshes/OfficeKitchen/Textures/T_OfficeKitchen_Metallic.uexp" 2136
"D:/Unreal-Projects/ObservationDuty/Content/StorePropsCollection/StaticMeshes/OfficeKitchen/Textures/T_OfficeKitchen_Normal.ubulk" 2137
"D:/Unreal-Projects/ObservationDuty/Content/StorePropsCollection/StaticMeshes/OfficeKitchen/Textures/T_OfficeKitchen_Normal.uasset" 2138
"D:/Unreal-Projects/ObservationDuty/Content/StorePropsCollection/StaticMeshes/OfficeKitchen/Textures/T_OfficeKitchen_Normal.uexp" 2139
"D:/Unreal-Projects/ObservationDuty/Content/StorePropsCollection/StaticMeshes/OfficeKitchen/Textures/T_OfficeKitchen_Roughness.ubulk" 2140
"D:/Unreal-Projects/ObservationDuty/Content/StorePropsCollection/StaticMeshes/OfficeKitchen/Textures/T_OfficeKitchen_Roughness.uasset" 2141
"D:/Unreal-Projects/ObservationDuty/Content/StorePropsCollection/StaticMeshes/OfficeKitchen/Textures/T_OfficeKitchen_Roughness.uexp" 2142
"D:/Unreal-Projects/ObservationDuty/Content/StorePropsCollection/StaticMeshes/OfficeKitchen/Materials/M_OfficeKitchen.uasset" 2143
"D:/Unreal-Projects/ObservationDuty/Content/StorePropsCollection/StaticMeshes/OfficeKitchen/Materials/M_OfficeKitchen.uexp" 2144
"D:/Unreal-Projects/ObservationDuty/Content/StorePropsCollection/StaticMeshes/OfficeKitchen/SM_KitchenWall.ubulk" 2145
"D:/Unreal-Projects/ObservationDuty/Content/StorePropsCollection/StaticMeshes/OfficeKitchen/SM_KitchenWall.uasset" 2146
"D:/Unreal-Projects/ObservationDuty/Content/StorePropsCollection/StaticMeshes/OfficeKitchen/SM_KitchenWall.uexp" 2147
"D:/Unreal-Projects/ObservationDuty/Content/StorePropsCollection/StaticMeshes/OfficeKitchen/SM_KitchenWallShelf.ubulk" 2148
"D:/Unreal-Projects/ObservationDuty/Content/StorePropsCollection/StaticMeshes/OfficeKitchen/SM_KitchenWallShelf.uasset" 2149
"D:/Unreal-Projects/ObservationDuty/Content/StorePropsCollection/StaticMeshes/OfficeKitchen/SM_KitchenWallShelf.uexp" 2150
"D:/Unreal-Projects/ObservationDuty/Content/StorePropsCollection/StaticMeshes/OfficeMediumProps/Textures/T_MediumAssets_AO.ubulk" 2151
"D:/Unreal-Projects/ObservationDuty/Content/StorePropsCollection/StaticMeshes/OfficeMediumProps/Textures/T_MediumAssets_AO.uasset" 2152
"D:/Unreal-Projects/ObservationDuty/Content/StorePropsCollection/StaticMeshes/OfficeMediumProps/Textures/T_MediumAssets_AO.uexp" 2153
"D:/Unreal-Projects/ObservationDuty/Content/StorePropsCollection/StaticMeshes/OfficeMediumProps/Textures/T_MediumAssets_BaseColor.ubulk" 2154
"D:/Unreal-Projects/ObservationDuty/Content/StorePropsCollection/StaticMeshes/OfficeMediumProps/Textures/T_MediumAssets_BaseColor.uasset" 2155
"D:/Unreal-Projects/ObservationDuty/Content/StorePropsCollection/StaticMeshes/OfficeMediumProps/Textures/T_MediumAssets_BaseColor.uexp" 2156
"D:/Unreal-Projects/ObservationDuty/Content/StorePropsCollection/StaticMeshes/OfficeMediumProps/Textures/T_MediumAssets_Emissive.ubulk" 2157
"D:/Unreal-Projects/ObservationDuty/Content/StorePropsCollection/StaticMeshes/OfficeMediumProps/Textures/T_MediumAssets_Emissive.uasset" 2158
"D:/Unreal-Projects/ObservationDuty/Content/StorePropsCollection/StaticMeshes/OfficeMediumProps/Textures/T_MediumAssets_Emissive.uexp" 2159
"D:/Unreal-Projects/ObservationDuty/Content/StorePropsCollection/StaticMeshes/OfficeMediumProps/Textures/T_MediumAssets_Metallic.ubulk" 2160
"D:/Unreal-Projects/ObservationDuty/Content/StorePropsCollection/StaticMeshes/OfficeMediumProps/Textures/T_MediumAssets_Metallic.uasset" 2161
"D:/Unreal-Projects/ObservationDuty/Content/StorePropsCollection/StaticMeshes/OfficeMediumProps/Textures/T_MediumAssets_Metallic.uexp" 2162
"D:/Unreal-Projects/ObservationDuty/Content/StorePropsCollection/StaticMeshes/OfficeMediumProps/Textures/T_MediumAssets_Normal.ubulk" 2163
"D:/Unreal-Projects/ObservationDuty/Content/StorePropsCollection/StaticMeshes/OfficeMediumProps/Textures/T_MediumAssets_Normal.uasset" 2164
"D:/Unreal-Projects/ObservationDuty/Content/StorePropsCollection/StaticMeshes/OfficeMediumProps/Textures/T_MediumAssets_Normal.uexp" 2165
"D:/Unreal-Projects/ObservationDuty/Content/StorePropsCollection/StaticMeshes/OfficeMediumProps/Textures/T_MediumAssets_Roughness.ubulk" 2166
"D:/Unreal-Projects/ObservationDuty/Content/StorePropsCollection/StaticMeshes/OfficeMediumProps/Textures/T_MediumAssets_Roughness.uasset" 2167
"D:/Unreal-Projects/ObservationDuty/Content/StorePropsCollection/StaticMeshes/OfficeMediumProps/Textures/T_MediumAssets_Roughness.uexp" 2168
"D:/Unreal-Projects/ObservationDuty/Content/StorePropsCollection/StaticMeshes/OfficeMediumProps/Materials/M_MediumAssets.uasset" 2169
"D:/Unreal-Projects/ObservationDuty/Content/StorePropsCollection/StaticMeshes/OfficeMediumProps/Materials/M_MediumAssets.uexp" 2170
"D:/Unreal-Projects/ObservationDuty/Content/StorePropsCollection/StaticMeshes/OfficeMediumProps/SM_BigTrashCan.ubulk" 2171
"D:/Unreal-Projects/ObservationDuty/Content/StorePropsCollection/StaticMeshes/OfficeMediumProps/SM_BigTrashCan.uasset" 2172
"D:/Unreal-Projects/ObservationDuty/Content/StorePropsCollection/StaticMeshes/OfficeMediumProps/SM_BigTrashCan.uexp" 2173
"D:/Unreal-Projects/ObservationDuty/Content/StorePropsCollection/StaticMeshes/OfficeMediumProps/SM_CoffeeMachine.ubulk" 2174
"D:/Unreal-Projects/ObservationDuty/Content/StorePropsCollection/StaticMeshes/OfficeMediumProps/SM_CoffeeMachine.uasset" 2175
"D:/Unreal-Projects/ObservationDuty/Content/StorePropsCollection/StaticMeshes/OfficeMediumProps/SM_CoffeeMachine.uexp" 2176
"D:/Unreal-Projects/ObservationDuty/Content/StorePropsCollection/StaticMeshes/OfficeMediumProps/SM_CoffeKettle.ubulk" 2177
"D:/Unreal-Projects/ObservationDuty/Content/StorePropsCollection/StaticMeshes/OfficeMediumProps/SM_CoffeKettle.uasset" 2178
"D:/Unreal-Projects/ObservationDuty/Content/StorePropsCollection/StaticMeshes/OfficeMediumProps/SM_CoffeKettle.uexp" 2179
"D:/Unreal-Projects/ObservationDuty/Content/StorePropsCollection/StaticMeshes/OfficeMediumProps/SM_Cooler.ubulk" 2180
"D:/Unreal-Projects/ObservationDuty/Content/StorePropsCollection/StaticMeshes/OfficeMediumProps/SM_Cooler.uasset" 2181
"D:/Unreal-Projects/ObservationDuty/Content/StorePropsCollection/StaticMeshes/OfficeMediumProps/SM_Cooler.uexp" 2182
"D:/Unreal-Projects/ObservationDuty/Content/StorePropsCollection/StaticMeshes/OfficeMediumProps/SM_Microwave.ubulk" 2183
"D:/Unreal-Projects/ObservationDuty/Content/StorePropsCollection/StaticMeshes/OfficeMediumProps/SM_Microwave.uasset" 2184
"D:/Unreal-Projects/ObservationDuty/Content/StorePropsCollection/StaticMeshes/OfficeMediumProps/SM_Microwave.uexp" 2185
"D:/Unreal-Projects/ObservationDuty/Content/StorePropsCollection/StaticMeshes/OfficeMediumProps/SM_TrashBin.ubulk" 2186
"D:/Unreal-Projects/ObservationDuty/Content/StorePropsCollection/StaticMeshes/OfficeMediumProps/SM_TrashBin.uasset" 2187
"D:/Unreal-Projects/ObservationDuty/Content/StorePropsCollection/StaticMeshes/OfficeMediumProps/SM_TrashBin.uexp" 2188
"D:/Unreal-Projects/ObservationDuty/Content/StorePropsCollection/StaticMeshes/OfficeSmallProps/Textures/T_SmallAssets_Alpha.ubulk" 2189
"D:/Unreal-Projects/ObservationDuty/Content/StorePropsCollection/StaticMeshes/OfficeSmallProps/Textures/T_SmallAssets_Alpha.uasset" 2190
"D:/Unreal-Projects/ObservationDuty/Content/StorePropsCollection/StaticMeshes/OfficeSmallProps/Textures/T_SmallAssets_Alpha.uexp" 2191
"D:/Unreal-Projects/ObservationDuty/Content/StorePropsCollection/StaticMeshes/OfficeSmallProps/Textures/T_SmallAssets_AO.ubulk" 2192
"D:/Unreal-Projects/ObservationDuty/Content/StorePropsCollection/StaticMeshes/OfficeSmallProps/Textures/T_SmallAssets_AO.uasset" 2193
"D:/Unreal-Projects/ObservationDuty/Content/StorePropsCollection/StaticMeshes/OfficeSmallProps/Textures/T_SmallAssets_AO.uexp" 2194
"D:/Unreal-Projects/ObservationDuty/Content/StorePropsCollection/StaticMeshes/OfficeSmallProps/Textures/T_SmallAssets_BaseColor.ubulk" 2195
"D:/Unreal-Projects/ObservationDuty/Content/StorePropsCollection/StaticMeshes/OfficeSmallProps/Textures/T_SmallAssets_BaseColor.uasset" 2196
"D:/Unreal-Projects/ObservationDuty/Content/StorePropsCollection/StaticMeshes/OfficeSmallProps/Textures/T_SmallAssets_BaseColor.uexp" 2197
"D:/Unreal-Projects/ObservationDuty/Content/StorePropsCollection/StaticMeshes/OfficeSmallProps/Textures/T_SmallAssets_Metallic.ubulk" 2198
"D:/Unreal-Projects/ObservationDuty/Content/StorePropsCollection/StaticMeshes/OfficeSmallProps/Textures/T_SmallAssets_Metallic.uasset" 2199
"D:/Unreal-Projects/ObservationDuty/Content/StorePropsCollection/StaticMeshes/OfficeSmallProps/Textures/T_SmallAssets_Metallic.uexp" 2200
"D:/Unreal-Projects/ObservationDuty/Content/StorePropsCollection/StaticMeshes/OfficeSmallProps/Textures/T_SmallAssets_Normal.ubulk" 2201
"D:/Unreal-Projects/ObservationDuty/Content/StorePropsCollection/StaticMeshes/OfficeSmallProps/Textures/T_SmallAssets_Normal.uasset" 2202
"D:/Unreal-Projects/ObservationDuty/Content/StorePropsCollection/StaticMeshes/OfficeSmallProps/Textures/T_SmallAssets_Normal.uexp" 2203
"D:/Unreal-Projects/ObservationDuty/Content/StorePropsCollection/StaticMeshes/OfficeSmallProps/Textures/T_SmallAssets_Roughness.ubulk" 2204
"D:/Unreal-Projects/ObservationDuty/Content/StorePropsCollection/StaticMeshes/OfficeSmallProps/Textures/T_SmallAssets_Roughness.uasset" 2205
"D:/Unreal-Projects/ObservationDuty/Content/StorePropsCollection/StaticMeshes/OfficeSmallProps/Textures/T_SmallAssets_Roughness.uexp" 2206
"D:/Unreal-Projects/ObservationDuty/Content/StorePropsCollection/StaticMeshes/OfficeSmallProps/Materials/M_SmallAssets.uasset" 2207
"D:/Unreal-Projects/ObservationDuty/Content/StorePropsCollection/StaticMeshes/OfficeSmallProps/Materials/M_SmallAssets.uexp" 2208
"D:/Unreal-Projects/ObservationDuty/Content/StorePropsCollection/StaticMeshes/OfficeSmallProps/SM_Plate1.ubulk" 2209
"D:/Unreal-Projects/ObservationDuty/Content/StorePropsCollection/StaticMeshes/OfficeSmallProps/SM_Plate1.uasset" 2210
"D:/Unreal-Projects/ObservationDuty/Content/StorePropsCollection/StaticMeshes/OfficeSmallProps/SM_Plate1.uexp" 2211
"D:/Unreal-Projects/ObservationDuty/Content/StorePropsCollection/StaticMeshes/OfficeSmallProps/SM_Plate2.ubulk" 2212
"D:/Unreal-Projects/ObservationDuty/Content/StorePropsCollection/StaticMeshes/OfficeSmallProps/SM_Plate2.uasset" 2213
"D:/Unreal-Projects/ObservationDuty/Content/StorePropsCollection/StaticMeshes/OfficeSmallProps/SM_Plate2.uexp" 2214
"D:/Unreal-Projects/ObservationDuty/Content/StorePropsCollection/StaticMeshes/OfficeWoodenFurniture/Textures/T_Furniture_AO.ubulk" 2215
"D:/Unreal-Projects/ObservationDuty/Content/StorePropsCollection/StaticMeshes/OfficeWoodenFurniture/Textures/T_Furniture_AO.uasset" 2216
"D:/Unreal-Projects/ObservationDuty/Content/StorePropsCollection/StaticMeshes/OfficeWoodenFurniture/Textures/T_Furniture_AO.uexp" 2217
"D:/Unreal-Projects/ObservationDuty/Content/StorePropsCollection/StaticMeshes/OfficeWoodenFurniture/Textures/T_Furniture_BaseColor.ubulk" 2218
"D:/Unreal-Projects/ObservationDuty/Content/StorePropsCollection/StaticMeshes/OfficeWoodenFurniture/Textures/T_Furniture_BaseColor.uasset" 2219
"D:/Unreal-Projects/ObservationDuty/Content/StorePropsCollection/StaticMeshes/OfficeWoodenFurniture/Textures/T_Furniture_BaseColor.uexp" 2220
"D:/Unreal-Projects/ObservationDuty/Content/StorePropsCollection/StaticMeshes/OfficeWoodenFurniture/Textures/T_Furniture_Metallic.ubulk" 2221
"D:/Unreal-Projects/ObservationDuty/Content/StorePropsCollection/StaticMeshes/OfficeWoodenFurniture/Textures/T_Furniture_Metallic.uasset" 2222
"D:/Unreal-Projects/ObservationDuty/Content/StorePropsCollection/StaticMeshes/OfficeWoodenFurniture/Textures/T_Furniture_Metallic.uexp" 2223
"D:/Unreal-Projects/ObservationDuty/Content/StorePropsCollection/StaticMeshes/OfficeWoodenFurniture/Textures/T_Furniture_Normal.ubulk" 2224
"D:/Unreal-Projects/ObservationDuty/Content/StorePropsCollection/StaticMeshes/OfficeWoodenFurniture/Textures/T_Furniture_Normal.uasset" 2225
"D:/Unreal-Projects/ObservationDuty/Content/StorePropsCollection/StaticMeshes/OfficeWoodenFurniture/Textures/T_Furniture_Normal.uexp" 2226
"D:/Unreal-Projects/ObservationDuty/Content/StorePropsCollection/StaticMeshes/OfficeWoodenFurniture/Textures/T_Furniture_Roughness.ubulk" 2227
"D:/Unreal-Projects/ObservationDuty/Content/StorePropsCollection/StaticMeshes/OfficeWoodenFurniture/Textures/T_Furniture_Roughness.uasset" 2228
"D:/Unreal-Projects/ObservationDuty/Content/StorePropsCollection/StaticMeshes/OfficeWoodenFurniture/Textures/T_Furniture_Roughness.uexp" 2229
"D:/Unreal-Projects/ObservationDuty/Content/StorePropsCollection/Materials/MasterMaterials/M_SimpleMasterMaterial.uasset" 2230
"D:/Unreal-Projects/ObservationDuty/Content/StorePropsCollection/Materials/MasterMaterials/M_SimpleMasterMaterial.uexp" 2231
"D:/Unreal-Projects/ObservationDuty/Content/StorePropsCollection/StaticMeshes/OfficeWoodenFurniture/Materials/MI_WoodenFurniture.uasset" 2232
"D:/Unreal-Projects/ObservationDuty/Content/StorePropsCollection/StaticMeshes/OfficeWoodenFurniture/Materials/MI_WoodenFurniture.uexp" 2233
"D:/Unreal-Projects/ObservationDuty/Content/StorePropsCollection/StaticMeshes/OfficeWoodenFurniture/SM_BenchChair.ubulk" 2234
"D:/Unreal-Projects/ObservationDuty/Content/StorePropsCollection/StaticMeshes/OfficeWoodenFurniture/SM_BenchChair.uasset" 2235
"D:/Unreal-Projects/ObservationDuty/Content/StorePropsCollection/StaticMeshes/OfficeWoodenFurniture/SM_BenchChair.uexp" 2236
"D:/Unreal-Projects/ObservationDuty/Content/StorePropsCollection/StaticMeshes/Plants/Textures/T_Pots_AO.ubulk" 2237
"D:/Unreal-Projects/ObservationDuty/Content/StorePropsCollection/StaticMeshes/Plants/Textures/T_Pots_AO.uasset" 2238
"D:/Unreal-Projects/ObservationDuty/Content/StorePropsCollection/StaticMeshes/Plants/Textures/T_Pots_AO.uexp" 2239
"D:/Unreal-Projects/ObservationDuty/Content/StorePropsCollection/StaticMeshes/Plants/Textures/T_Pots_BaseColor.ubulk" 2240
"D:/Unreal-Projects/ObservationDuty/Content/StorePropsCollection/StaticMeshes/Plants/Textures/T_Pots_BaseColor.uasset" 2241
"D:/Unreal-Projects/ObservationDuty/Content/StorePropsCollection/StaticMeshes/Plants/Textures/T_Pots_BaseColor.uexp" 2242
"D:/Unreal-Projects/ObservationDuty/Content/StorePropsCollection/StaticMeshes/Plants/Textures/T_Pots_Metallic.ubulk" 2243
"D:/Unreal-Projects/ObservationDuty/Content/StorePropsCollection/StaticMeshes/Plants/Textures/T_Pots_Metallic.uasset" 2244
"D:/Unreal-Projects/ObservationDuty/Content/StorePropsCollection/StaticMeshes/Plants/Textures/T_Pots_Metallic.uexp" 2245
"D:/Unreal-Projects/ObservationDuty/Content/StorePropsCollection/StaticMeshes/Plants/Textures/T_Pots_Normal.ubulk" 2246
"D:/Unreal-Projects/ObservationDuty/Content/StorePropsCollection/StaticMeshes/Plants/Textures/T_Pots_Normal.uasset" 2247
"D:/Unreal-Projects/ObservationDuty/Content/StorePropsCollection/StaticMeshes/Plants/Textures/T_Pots_Normal.uexp" 2248
"D:/Unreal-Projects/ObservationDuty/Content/StorePropsCollection/StaticMeshes/Plants/Textures/T_Pots_Roughness.ubulk" 2249
"D:/Unreal-Projects/ObservationDuty/Content/StorePropsCollection/StaticMeshes/Plants/Textures/T_Pots_Roughness.uasset" 2250
"D:/Unreal-Projects/ObservationDuty/Content/StorePropsCollection/StaticMeshes/Plants/Textures/T_Pots_Roughness.uexp" 2251
"D:/Unreal-Projects/ObservationDuty/Content/StorePropsCollection/StaticMeshes/Plants/Materials/M_Pots.uasset" 2252
"D:/Unreal-Projects/ObservationDuty/Content/StorePropsCollection/StaticMeshes/Plants/Materials/M_Pots.uexp" 2253
"D:/Unreal-Projects/ObservationDuty/Content/StorePropsCollection/StaticMeshes/Plants/Textures/T_Plants_Alpha.uasset" 2254
"D:/Unreal-Projects/ObservationDuty/Content/StorePropsCollection/StaticMeshes/Plants/Textures/T_Plants_Alpha.uexp" 2255
"D:/Unreal-Projects/ObservationDuty/Content/StorePropsCollection/StaticMeshes/Plants/Textures/T_Plants_AO.ubulk" 2256
"D:/Unreal-Projects/ObservationDuty/Content/StorePropsCollection/StaticMeshes/Plants/Textures/T_Plants_AO.uasset" 2257
"D:/Unreal-Projects/ObservationDuty/Content/StorePropsCollection/StaticMeshes/Plants/Textures/T_Plants_AO.uexp" 2258
"D:/Unreal-Projects/ObservationDuty/Content/StorePropsCollection/StaticMeshes/Plants/Textures/T_Plants_basecolor.ubulk" 2259
"D:/Unreal-Projects/ObservationDuty/Content/StorePropsCollection/StaticMeshes/Plants/Textures/T_Plants_basecolor.uasset" 2260
"D:/Unreal-Projects/ObservationDuty/Content/StorePropsCollection/StaticMeshes/Plants/Textures/T_Plants_basecolor.uexp" 2261
"D:/Unreal-Projects/ObservationDuty/Content/StorePropsCollection/StaticMeshes/Plants/Textures/T_Plants_normal.ubulk" 2262
"D:/Unreal-Projects/ObservationDuty/Content/StorePropsCollection/StaticMeshes/Plants/Textures/T_Plants_normal.uasset" 2263
"D:/Unreal-Projects/ObservationDuty/Content/StorePropsCollection/StaticMeshes/Plants/Textures/T_Plants_normal.uexp" 2264
"D:/Unreal-Projects/ObservationDuty/Content/StorePropsCollection/StaticMeshes/Plants/Textures/T_Plants_roughness.ubulk" 2265
"D:/Unreal-Projects/ObservationDuty/Content/StorePropsCollection/StaticMeshes/Plants/Textures/T_Plants_roughness.uasset" 2266
"D:/Unreal-Projects/ObservationDuty/Content/StorePropsCollection/StaticMeshes/Plants/Textures/T_Plants_roughness.uexp" 2267
"D:/Unreal-Projects/ObservationDuty/Content/StorePropsCollection/StaticMeshes/Plants/Materials/M_Plants.uasset" 2268
"D:/Unreal-Projects/ObservationDuty/Content/StorePropsCollection/StaticMeshes/Plants/Materials/M_Plants.uexp" 2269
"D:/Unreal-Projects/ObservationDuty/Content/StorePropsCollection/StaticMeshes/Plants/SM_Pot10.ubulk" 2270
"D:/Unreal-Projects/ObservationDuty/Content/StorePropsCollection/StaticMeshes/Plants/SM_Pot10.uasset" 2271
"D:/Unreal-Projects/ObservationDuty/Content/StorePropsCollection/StaticMeshes/Plants/SM_Pot10.uexp" 2272
"D:/Unreal-Projects/ObservationDuty/Content/StorePropsCollection/StaticMeshes/Plants/SM_Pot2.ubulk" 2273
"D:/Unreal-Projects/ObservationDuty/Content/StorePropsCollection/StaticMeshes/Plants/SM_Pot2.uasset" 2274
"D:/Unreal-Projects/ObservationDuty/Content/StorePropsCollection/StaticMeshes/Plants/SM_Pot2.uexp" 2275
"D:/Unreal-Projects/ObservationDuty/Content/StorePropsCollection/StaticMeshes/StoreFreezers1/Textures/T_Furniture1_AO.ubulk" 2276
"D:/Unreal-Projects/ObservationDuty/Content/StorePropsCollection/StaticMeshes/StoreFreezers1/Textures/T_Furniture1_AO.uasset" 2277
"D:/Unreal-Projects/ObservationDuty/Content/StorePropsCollection/StaticMeshes/StoreFreezers1/Textures/T_Furniture1_AO.uexp" 2278
"D:/Unreal-Projects/ObservationDuty/Content/StorePropsCollection/StaticMeshes/StoreFreezers1/Textures/T_Furniture1_BaseColor.ubulk" 2279
"D:/Unreal-Projects/ObservationDuty/Content/StorePropsCollection/StaticMeshes/StoreFreezers1/Textures/T_Furniture1_BaseColor.uasset" 2280
"D:/Unreal-Projects/ObservationDuty/Content/StorePropsCollection/StaticMeshes/StoreFreezers1/Textures/T_Furniture1_BaseColor.uexp" 2281
"D:/Unreal-Projects/ObservationDuty/Content/StorePropsCollection/StaticMeshes/StoreFreezers1/Textures/T_Furniture1_Metallic.ubulk" 2282
"D:/Unreal-Projects/ObservationDuty/Content/StorePropsCollection/StaticMeshes/StoreFreezers1/Textures/T_Furniture1_Metallic.uasset" 2283
"D:/Unreal-Projects/ObservationDuty/Content/StorePropsCollection/StaticMeshes/StoreFreezers1/Textures/T_Furniture1_Metallic.uexp" 2284
"D:/Unreal-Projects/ObservationDuty/Content/StorePropsCollection/StaticMeshes/StoreFreezers1/Textures/T_Furniture1_Normal.ubulk" 2285
"D:/Unreal-Projects/ObservationDuty/Content/StorePropsCollection/StaticMeshes/StoreFreezers1/Textures/T_Furniture1_Normal.uasset" 2286
"D:/Unreal-Projects/ObservationDuty/Content/StorePropsCollection/StaticMeshes/StoreFreezers1/Textures/T_Furniture1_Normal.uexp" 2287
"D:/Unreal-Projects/ObservationDuty/Content/StorePropsCollection/StaticMeshes/StoreFreezers1/Textures/T_Furniture1_Roughness.ubulk" 2288
"D:/Unreal-Projects/ObservationDuty/Content/StorePropsCollection/StaticMeshes/StoreFreezers1/Textures/T_Furniture1_Roughness.uasset" 2289
"D:/Unreal-Projects/ObservationDuty/Content/StorePropsCollection/StaticMeshes/StoreFreezers1/Textures/T_Furniture1_Roughness.uexp" 2290
"D:/Unreal-Projects/ObservationDuty/Content/StorePropsCollection/StaticMeshes/StoreFreezers1/Materials/M_Furniture1.uasset" 2291
"D:/Unreal-Projects/ObservationDuty/Content/StorePropsCollection/StaticMeshes/StoreFreezers1/Materials/M_Furniture1.uexp" 2292
"D:/Unreal-Projects/ObservationDuty/Content/StorePropsCollection/StaticMeshes/StoreFreezers1/SM_StoreFreezer2.ubulk" 2293
"D:/Unreal-Projects/ObservationDuty/Content/StorePropsCollection/StaticMeshes/StoreFreezers1/SM_StoreFreezer2.uasset" 2294
"D:/Unreal-Projects/ObservationDuty/Content/StorePropsCollection/StaticMeshes/StoreFreezers1/SM_StoreFreezer2.uexp" 2295
"D:/Unreal-Projects/ObservationDuty/Content/StorePropsCollection/Materials/PaintedMetal/T_PaintedMetal_ambientocclusion.ubulk" 2296
"D:/Unreal-Projects/ObservationDuty/Content/StorePropsCollection/Materials/PaintedMetal/T_PaintedMetal_ambientocclusion.uasset" 2297
"D:/Unreal-Projects/ObservationDuty/Content/StorePropsCollection/Materials/PaintedMetal/T_PaintedMetal_ambientocclusion.uexp" 2298
"D:/Unreal-Projects/ObservationDuty/Content/StorePropsCollection/Materials/PaintedMetal/T_PaintedMetal_basecolor.ubulk" 2299
"D:/Unreal-Projects/ObservationDuty/Content/StorePropsCollection/Materials/PaintedMetal/T_PaintedMetal_basecolor.uasset" 2300
"D:/Unreal-Projects/ObservationDuty/Content/StorePropsCollection/Materials/PaintedMetal/T_PaintedMetal_basecolor.uexp" 2301
"D:/Unreal-Projects/ObservationDuty/Content/StorePropsCollection/Materials/PaintedMetal/T_PaintedMetal_metallic.ubulk" 2302
"D:/Unreal-Projects/ObservationDuty/Content/StorePropsCollection/Materials/PaintedMetal/T_PaintedMetal_metallic.uasset" 2303
"D:/Unreal-Projects/ObservationDuty/Content/StorePropsCollection/Materials/PaintedMetal/T_PaintedMetal_metallic.uexp" 2304
"D:/Unreal-Projects/ObservationDuty/Content/StorePropsCollection/Materials/PaintedMetal/T_PaintedMetal_normal.ubulk" 2305
"D:/Unreal-Projects/ObservationDuty/Content/StorePropsCollection/Materials/PaintedMetal/T_PaintedMetal_normal.uasset" 2306
"D:/Unreal-Projects/ObservationDuty/Content/StorePropsCollection/Materials/PaintedMetal/T_PaintedMetal_normal.uexp" 2307
"D:/Unreal-Projects/ObservationDuty/Content/StorePropsCollection/Materials/PaintedMetal/T_PaintedMetal_roughness.ubulk" 2308
"D:/Unreal-Projects/ObservationDuty/Content/StorePropsCollection/Materials/PaintedMetal/T_PaintedMetal_roughness.uasset" 2309
"D:/Unreal-Projects/ObservationDuty/Content/StorePropsCollection/Materials/PaintedMetal/T_PaintedMetal_roughness.uexp" 2310
"D:/Unreal-Projects/ObservationDuty/Content/StorePropsCollection/Materials/PaintedMetal/M_PaintedMetal.uasset" 2311
"D:/Unreal-Projects/ObservationDuty/Content/StorePropsCollection/Materials/PaintedMetal/M_PaintedMetal.uexp" 2312
"../../../Engine/Content/Functions/Engine_MaterialFunctions01/Chromakeying/RGBtoHSV.uasset" 2313
"../../../Engine/Content/Functions/Engine_MaterialFunctions01/Chromakeying/RGBtoHSV.uexp" 2314
"D:/Unreal-Projects/ObservationDuty/Content/StorePropsCollection/StaticMeshes/StoreFreezers2/Textures/T_Furniture3_AO.ubulk" 2315
"D:/Unreal-Projects/ObservationDuty/Content/StorePropsCollection/StaticMeshes/StoreFreezers2/Textures/T_Furniture3_AO.uasset" 2316
"D:/Unreal-Projects/ObservationDuty/Content/StorePropsCollection/StaticMeshes/StoreFreezers2/Textures/T_Furniture3_AO.uexp" 2317
"D:/Unreal-Projects/ObservationDuty/Content/StorePropsCollection/StaticMeshes/StoreFreezers2/Textures/T_Furniture3_BaseColor.ubulk" 2318
"D:/Unreal-Projects/ObservationDuty/Content/StorePropsCollection/StaticMeshes/StoreFreezers2/Textures/T_Furniture3_BaseColor.uasset" 2319
"D:/Unreal-Projects/ObservationDuty/Content/StorePropsCollection/StaticMeshes/StoreFreezers2/Textures/T_Furniture3_BaseColor.uexp" 2320
"D:/Unreal-Projects/ObservationDuty/Content/StorePropsCollection/StaticMeshes/StoreFreezers2/Textures/T_Furniture3_Emissive.ubulk" 2321
"D:/Unreal-Projects/ObservationDuty/Content/StorePropsCollection/StaticMeshes/StoreFreezers2/Textures/T_Furniture3_Emissive.uasset" 2322
"D:/Unreal-Projects/ObservationDuty/Content/StorePropsCollection/StaticMeshes/StoreFreezers2/Textures/T_Furniture3_Emissive.uexp" 2323
"D:/Unreal-Projects/ObservationDuty/Content/StorePropsCollection/StaticMeshes/StoreFreezers2/Textures/T_Furniture3_Metallic.ubulk" 2324
"D:/Unreal-Projects/ObservationDuty/Content/StorePropsCollection/StaticMeshes/StoreFreezers2/Textures/T_Furniture3_Metallic.uasset" 2325
"D:/Unreal-Projects/ObservationDuty/Content/StorePropsCollection/StaticMeshes/StoreFreezers2/Textures/T_Furniture3_Metallic.uexp" 2326
"D:/Unreal-Projects/ObservationDuty/Content/StorePropsCollection/StaticMeshes/StoreFreezers2/Textures/T_Furniture3_Normal.ubulk" 2327
"D:/Unreal-Projects/ObservationDuty/Content/StorePropsCollection/StaticMeshes/StoreFreezers2/Textures/T_Furniture3_Normal.uasset" 2328
"D:/Unreal-Projects/ObservationDuty/Content/StorePropsCollection/StaticMeshes/StoreFreezers2/Textures/T_Furniture3_Normal.uexp" 2329
"D:/Unreal-Projects/ObservationDuty/Content/StorePropsCollection/StaticMeshes/StoreFreezers2/Textures/T_Furniture3_Roughness.ubulk" 2330
"D:/Unreal-Projects/ObservationDuty/Content/StorePropsCollection/StaticMeshes/StoreFreezers2/Textures/T_Furniture3_Roughness.uasset" 2331
"D:/Unreal-Projects/ObservationDuty/Content/StorePropsCollection/StaticMeshes/StoreFreezers2/Textures/T_Furniture3_Roughness.uexp" 2332
"D:/Unreal-Projects/ObservationDuty/Content/StorePropsCollection/StaticMeshes/StoreFreezers2/Materials/M_StoreFreezers.uasset" 2333
"D:/Unreal-Projects/ObservationDuty/Content/StorePropsCollection/StaticMeshes/StoreFreezers2/Materials/M_StoreFreezers.uexp" 2334
"D:/Unreal-Projects/ObservationDuty/Content/StorePropsCollection/StaticMeshes/StoreFreezers2/SM_Freezer3.ubulk" 2335
"D:/Unreal-Projects/ObservationDuty/Content/StorePropsCollection/StaticMeshes/StoreFreezers2/SM_Freezer3.uasset" 2336
"D:/Unreal-Projects/ObservationDuty/Content/StorePropsCollection/StaticMeshes/StoreFreezers2/SM_Freezer3.uexp" 2337
"D:/Unreal-Projects/ObservationDuty/Content/StorePropsCollection/StaticMeshes/StoreFreezers2/SM_Freezer_3.ubulk" 2338
"D:/Unreal-Projects/ObservationDuty/Content/StorePropsCollection/StaticMeshes/StoreFreezers2/SM_Freezer_3.uasset" 2339
"D:/Unreal-Projects/ObservationDuty/Content/StorePropsCollection/StaticMeshes/StoreFreezers2/SM_Freezer_3.uexp" 2340
"D:/Unreal-Projects/ObservationDuty/Content/StorePropsCollection/StaticMeshes/StoreFurniture/Textures/T_Furniture2_AO.ubulk" 2341
"D:/Unreal-Projects/ObservationDuty/Content/StorePropsCollection/StaticMeshes/StoreFurniture/Textures/T_Furniture2_AO.uasset" 2342
"D:/Unreal-Projects/ObservationDuty/Content/StorePropsCollection/StaticMeshes/StoreFurniture/Textures/T_Furniture2_AO.uexp" 2343
"D:/Unreal-Projects/ObservationDuty/Content/StorePropsCollection/StaticMeshes/StoreFurniture/Textures/T_Furniture2_BaseColor.ubulk" 2344
"D:/Unreal-Projects/ObservationDuty/Content/StorePropsCollection/StaticMeshes/StoreFurniture/Textures/T_Furniture2_BaseColor.uasset" 2345
"D:/Unreal-Projects/ObservationDuty/Content/StorePropsCollection/StaticMeshes/StoreFurniture/Textures/T_Furniture2_BaseColor.uexp" 2346
"D:/Unreal-Projects/ObservationDuty/Content/StorePropsCollection/StaticMeshes/StoreFurniture/Textures/T_Furniture2_Metallic.ubulk" 2347
"D:/Unreal-Projects/ObservationDuty/Content/StorePropsCollection/StaticMeshes/StoreFurniture/Textures/T_Furniture2_Metallic.uasset" 2348
"D:/Unreal-Projects/ObservationDuty/Content/StorePropsCollection/StaticMeshes/StoreFurniture/Textures/T_Furniture2_Metallic.uexp" 2349
"D:/Unreal-Projects/ObservationDuty/Content/StorePropsCollection/StaticMeshes/StoreFurniture/Textures/T_Furniture2_Normal.ubulk" 2350
"D:/Unreal-Projects/ObservationDuty/Content/StorePropsCollection/StaticMeshes/StoreFurniture/Textures/T_Furniture2_Normal.uasset" 2351
"D:/Unreal-Projects/ObservationDuty/Content/StorePropsCollection/StaticMeshes/StoreFurniture/Textures/T_Furniture2_Normal.uexp" 2352
"D:/Unreal-Projects/ObservationDuty/Content/StorePropsCollection/StaticMeshes/StoreFurniture/Textures/T_Furniture2_Roughness.ubulk" 2353
"D:/Unreal-Projects/ObservationDuty/Content/StorePropsCollection/StaticMeshes/StoreFurniture/Textures/T_Furniture2_Roughness.uasset" 2354
"D:/Unreal-Projects/ObservationDuty/Content/StorePropsCollection/StaticMeshes/StoreFurniture/Textures/T_Furniture2_Roughness.uexp" 2355
"D:/Unreal-Projects/ObservationDuty/Content/StorePropsCollection/StaticMeshes/StoreFurniture/Materials/M_Furniture2.uasset" 2356
"D:/Unreal-Projects/ObservationDuty/Content/StorePropsCollection/StaticMeshes/StoreFurniture/Materials/M_Furniture2.uexp" 2357
"D:/Unreal-Projects/ObservationDuty/Content/StorePropsCollection/StaticMeshes/StoreFurniture/SM_CounterFreezer.ubulk" 2358
"D:/Unreal-Projects/ObservationDuty/Content/StorePropsCollection/StaticMeshes/StoreFurniture/SM_CounterFreezer.uasset" 2359
"D:/Unreal-Projects/ObservationDuty/Content/StorePropsCollection/StaticMeshes/StoreFurniture/SM_CounterFreezer.uexp" 2360
"D:/Unreal-Projects/ObservationDuty/Content/StorePropsCollection/StaticMeshes/StoreShelvings2/Textures/T_StoreShelvings_2_AO.ubulk" 2361
"D:/Unreal-Projects/ObservationDuty/Content/StorePropsCollection/StaticMeshes/StoreShelvings2/Textures/T_StoreShelvings_2_AO.uasset" 2362
"D:/Unreal-Projects/ObservationDuty/Content/StorePropsCollection/StaticMeshes/StoreShelvings2/Textures/T_StoreShelvings_2_AO.uexp" 2363
"D:/Unreal-Projects/ObservationDuty/Content/StorePropsCollection/StaticMeshes/StoreShelvings2/Textures/T_StoreShelvings_2_BaseColor.ubulk" 2364
"D:/Unreal-Projects/ObservationDuty/Content/StorePropsCollection/StaticMeshes/StoreShelvings2/Textures/T_StoreShelvings_2_BaseColor.uasset" 2365
"D:/Unreal-Projects/ObservationDuty/Content/StorePropsCollection/StaticMeshes/StoreShelvings2/Textures/T_StoreShelvings_2_BaseColor.uexp" 2366
"D:/Unreal-Projects/ObservationDuty/Content/StorePropsCollection/StaticMeshes/StoreShelvings2/Textures/T_StoreShelvings_2_Metallic.ubulk" 2367
"D:/Unreal-Projects/ObservationDuty/Content/StorePropsCollection/StaticMeshes/StoreShelvings2/Textures/T_StoreShelvings_2_Metallic.uasset" 2368
"D:/Unreal-Projects/ObservationDuty/Content/StorePropsCollection/StaticMeshes/StoreShelvings2/Textures/T_StoreShelvings_2_Metallic.uexp" 2369
"D:/Unreal-Projects/ObservationDuty/Content/StorePropsCollection/StaticMeshes/StoreShelvings2/Textures/T_StoreShelvings_2_Normal.ubulk" 2370
"D:/Unreal-Projects/ObservationDuty/Content/StorePropsCollection/StaticMeshes/StoreShelvings2/Textures/T_StoreShelvings_2_Normal.uasset" 2371
"D:/Unreal-Projects/ObservationDuty/Content/StorePropsCollection/StaticMeshes/StoreShelvings2/Textures/T_StoreShelvings_2_Normal.uexp" 2372
"D:/Unreal-Projects/ObservationDuty/Content/StorePropsCollection/StaticMeshes/StoreShelvings2/Textures/T_StoreShelvings_2_Roughness.ubulk" 2373
"D:/Unreal-Projects/ObservationDuty/Content/StorePropsCollection/StaticMeshes/StoreShelvings2/Textures/T_StoreShelvings_2_Roughness.uasset" 2374
"D:/Unreal-Projects/ObservationDuty/Content/StorePropsCollection/StaticMeshes/StoreShelvings2/Textures/T_StoreShelvings_2_Roughness.uexp" 2375
"D:/Unreal-Projects/ObservationDuty/Content/StorePropsCollection/StaticMeshes/StoreShelvings2/Materials/M_StoreShelvings_2.uasset" 2376
"D:/Unreal-Projects/ObservationDuty/Content/StorePropsCollection/StaticMeshes/StoreShelvings2/Materials/M_StoreShelvings_2.uexp" 2377
"D:/Unreal-Projects/ObservationDuty/Content/StorePropsCollection/StaticMeshes/StoreShelvings2/SM_Counter_3.ubulk" 2378
"D:/Unreal-Projects/ObservationDuty/Content/StorePropsCollection/StaticMeshes/StoreShelvings2/SM_Counter_3.uasset" 2379
"D:/Unreal-Projects/ObservationDuty/Content/StorePropsCollection/StaticMeshes/StoreShelvings2/SM_Counter_3.uexp" 2380
"D:/Unreal-Projects/ObservationDuty/Content/StorePropsCollection/StaticMeshes/StoreShelvings2/SM_Counter_4.ubulk" 2381
"D:/Unreal-Projects/ObservationDuty/Content/StorePropsCollection/StaticMeshes/StoreShelvings2/SM_Counter_4.uasset" 2382
"D:/Unreal-Projects/ObservationDuty/Content/StorePropsCollection/StaticMeshes/StoreShelvings2/SM_Counter_4.uexp" 2383
"D:/Unreal-Projects/ObservationDuty/Content/StorePropsCollection/StaticMeshes/StoreShelvings2/SM_Shelving2.ubulk" 2384
"D:/Unreal-Projects/ObservationDuty/Content/StorePropsCollection/StaticMeshes/StoreShelvings2/SM_Shelving2.uasset" 2385
"D:/Unreal-Projects/ObservationDuty/Content/StorePropsCollection/StaticMeshes/StoreShelvings2/SM_Shelving2.uexp" 2386
"D:/Unreal-Projects/ObservationDuty/Content/StorePropsCollection/StaticMeshes/StoreShelvings2/SM_Shelving3.ubulk" 2387
"D:/Unreal-Projects/ObservationDuty/Content/StorePropsCollection/StaticMeshes/StoreShelvings2/SM_Shelving3.uasset" 2388
"D:/Unreal-Projects/ObservationDuty/Content/StorePropsCollection/StaticMeshes/StoreShelvings2/SM_Shelving3.uexp" 2389
"D:/Unreal-Projects/ObservationDuty/Content/StorePropsCollection/Materials/Plywood/T_Plywood_ao.ubulk" 2390
"D:/Unreal-Projects/ObservationDuty/Content/StorePropsCollection/Materials/Plywood/T_Plywood_ao.uasset" 2391
"D:/Unreal-Projects/ObservationDuty/Content/StorePropsCollection/Materials/Plywood/T_Plywood_ao.uexp" 2392
"D:/Unreal-Projects/ObservationDuty/Content/StorePropsCollection/Materials/Plywood/T_Plywood_basecolor.ubulk" 2393
"D:/Unreal-Projects/ObservationDuty/Content/StorePropsCollection/Materials/Plywood/T_Plywood_basecolor.uasset" 2394
"D:/Unreal-Projects/ObservationDuty/Content/StorePropsCollection/Materials/Plywood/T_Plywood_basecolor.uexp" 2395
"D:/Unreal-Projects/ObservationDuty/Content/StorePropsCollection/Materials/Plywood/T_Plywood_metallic.ubulk" 2396
"D:/Unreal-Projects/ObservationDuty/Content/StorePropsCollection/Materials/Plywood/T_Plywood_metallic.uasset" 2397
"D:/Unreal-Projects/ObservationDuty/Content/StorePropsCollection/Materials/Plywood/T_Plywood_metallic.uexp" 2398
"D:/Unreal-Projects/ObservationDuty/Content/StorePropsCollection/Materials/Plywood/T_Plywood_normal.ubulk" 2399
"D:/Unreal-Projects/ObservationDuty/Content/StorePropsCollection/Materials/Plywood/T_Plywood_normal.uasset" 2400
"D:/Unreal-Projects/ObservationDuty/Content/StorePropsCollection/Materials/Plywood/T_Plywood_normal.uexp" 2401
"D:/Unreal-Projects/ObservationDuty/Content/StorePropsCollection/Materials/Plywood/T_Plywood_roughness.ubulk" 2402
"D:/Unreal-Projects/ObservationDuty/Content/StorePropsCollection/Materials/Plywood/T_Plywood_roughness.uasset" 2403
"D:/Unreal-Projects/ObservationDuty/Content/StorePropsCollection/Materials/Plywood/T_Plywood_roughness.uexp" 2404
"D:/Unreal-Projects/ObservationDuty/Content/StorePropsCollection/Materials/Plywood/M_Plywood.uasset" 2405
"D:/Unreal-Projects/ObservationDuty/Content/StorePropsCollection/Materials/Plywood/M_Plywood.uexp" 2406
"D:/Unreal-Projects/ObservationDuty/Content/StorePropsCollection/StaticMeshes/StoreShelvings2/SM_Shelving4.ubulk" 2407
"D:/Unreal-Projects/ObservationDuty/Content/StorePropsCollection/StaticMeshes/StoreShelvings2/SM_Shelving4.uasset" 2408
"D:/Unreal-Projects/ObservationDuty/Content/StorePropsCollection/StaticMeshes/StoreShelvings2/SM_Shelving4.uexp" 2409
"D:/Unreal-Projects/ObservationDuty/Content/StorePropsCollection/StaticMeshes/StoreShelvings2/SM_Shelving6.ubulk" 2410
"D:/Unreal-Projects/ObservationDuty/Content/StorePropsCollection/StaticMeshes/StoreShelvings2/SM_Shelving6.uasset" 2411
"D:/Unreal-Projects/ObservationDuty/Content/StorePropsCollection/StaticMeshes/StoreShelvings2/SM_Shelving6.uexp" 2412
"D:/Unreal-Projects/ObservationDuty/Content/StorePropsCollection/Materials/Lattice/T_Lattice1_AO.ubulk" 2413
"D:/Unreal-Projects/ObservationDuty/Content/StorePropsCollection/Materials/Lattice/T_Lattice1_AO.uasset" 2414
"D:/Unreal-Projects/ObservationDuty/Content/StorePropsCollection/Materials/Lattice/T_Lattice1_AO.uexp" 2415
"D:/Unreal-Projects/ObservationDuty/Content/StorePropsCollection/Materials/Lattice/T_Lattice1_basecolor.ubulk" 2416
"D:/Unreal-Projects/ObservationDuty/Content/StorePropsCollection/Materials/Lattice/T_Lattice1_basecolor.uasset" 2417
"D:/Unreal-Projects/ObservationDuty/Content/StorePropsCollection/Materials/Lattice/T_Lattice1_basecolor.uexp" 2418
"D:/Unreal-Projects/ObservationDuty/Content/StorePropsCollection/Materials/Lattice/T_Lattice1_metallic.ubulk" 2419
"D:/Unreal-Projects/ObservationDuty/Content/StorePropsCollection/Materials/Lattice/T_Lattice1_metallic.uasset" 2420
"D:/Unreal-Projects/ObservationDuty/Content/StorePropsCollection/Materials/Lattice/T_Lattice1_metallic.uexp" 2421
"D:/Unreal-Projects/ObservationDuty/Content/StorePropsCollection/Materials/Lattice/T_Lattice1_normal.ubulk" 2422
"D:/Unreal-Projects/ObservationDuty/Content/StorePropsCollection/Materials/Lattice/T_Lattice1_normal.uasset" 2423
"D:/Unreal-Projects/ObservationDuty/Content/StorePropsCollection/Materials/Lattice/T_Lattice1_normal.uexp" 2424
"D:/Unreal-Projects/ObservationDuty/Content/StorePropsCollection/Materials/Lattice/T_Lattice1_Opacity.uasset" 2425
"D:/Unreal-Projects/ObservationDuty/Content/StorePropsCollection/Materials/Lattice/T_Lattice1_Opacity.uexp" 2426
"D:/Unreal-Projects/ObservationDuty/Content/StorePropsCollection/Materials/Lattice/T_Lattice1_roughness.ubulk" 2427
"D:/Unreal-Projects/ObservationDuty/Content/StorePropsCollection/Materials/Lattice/T_Lattice1_roughness.uasset" 2428
"D:/Unreal-Projects/ObservationDuty/Content/StorePropsCollection/Materials/Lattice/T_Lattice1_roughness.uexp" 2429
"D:/Unreal-Projects/ObservationDuty/Content/StorePropsCollection/Materials/Lattice/M_Lattice.uasset" 2430
"D:/Unreal-Projects/ObservationDuty/Content/StorePropsCollection/Materials/Lattice/M_Lattice.uexp" 2431
"D:/Unreal-Projects/ObservationDuty/Content/StorePropsCollection/StaticMeshes/StoreShelvings2/SM_Shelving8.ubulk" 2432
"D:/Unreal-Projects/ObservationDuty/Content/StorePropsCollection/StaticMeshes/StoreShelvings2/SM_Shelving8.uasset" 2433
"D:/Unreal-Projects/ObservationDuty/Content/StorePropsCollection/StaticMeshes/StoreShelvings2/SM_Shelving8.uexp" 2434
"../../../Engine/Content/EngineMaterials/Substrate/Glints2/AGlintTex2dArray2.uasset" 2435
"../../../Engine/Content/EngineMaterials/Substrate/Glints2/AGlintTex2dArray2.uexp" 2436
"D:/Unreal-Projects/ObservationDuty/Content/Materials/Road/Sprites/Grate/Grate001_4K-JPG_AmbientOcclusion.ubulk" 2437
"D:/Unreal-Projects/ObservationDuty/Content/Materials/Road/Sprites/Grate/Grate001_4K-JPG_AmbientOcclusion.uasset" 2438
"D:/Unreal-Projects/ObservationDuty/Content/Materials/Road/Sprites/Grate/Grate001_4K-JPG_AmbientOcclusion.uexp" 2439
"D:/Unreal-Projects/ObservationDuty/Content/Materials/Road/Sprites/Grate/Grate001_4K-JPG_Color.ubulk" 2440
"D:/Unreal-Projects/ObservationDuty/Content/Materials/Road/Sprites/Grate/Grate001_4K-JPG_Color.uasset" 2441
"D:/Unreal-Projects/ObservationDuty/Content/Materials/Road/Sprites/Grate/Grate001_4K-JPG_Color.uexp" 2442
"D:/Unreal-Projects/ObservationDuty/Content/Materials/Road/Sprites/Grate/Grate001_4K-JPG_Metalness.ubulk" 2443
"D:/Unreal-Projects/ObservationDuty/Content/Materials/Road/Sprites/Grate/Grate001_4K-JPG_Metalness.uasset" 2444
"D:/Unreal-Projects/ObservationDuty/Content/Materials/Road/Sprites/Grate/Grate001_4K-JPG_Metalness.uexp" 2445
"D:/Unreal-Projects/ObservationDuty/Content/Materials/Road/Sprites/Grate/Grate001_4K-JPG_NormalDX.ubulk" 2446
"D:/Unreal-Projects/ObservationDuty/Content/Materials/Road/Sprites/Grate/Grate001_4K-JPG_NormalDX.uasset" 2447
"D:/Unreal-Projects/ObservationDuty/Content/Materials/Road/Sprites/Grate/Grate001_4K-JPG_NormalDX.uexp" 2448
"D:/Unreal-Projects/ObservationDuty/Content/Materials/Road/Sprites/Grate/Grate001_4K-JPG_Opacity.ubulk" 2449
"D:/Unreal-Projects/ObservationDuty/Content/Materials/Road/Sprites/Grate/Grate001_4K-JPG_Opacity.uasset" 2450
"D:/Unreal-Projects/ObservationDuty/Content/Materials/Road/Sprites/Grate/Grate001_4K-JPG_Opacity.uexp" 2451
"D:/Unreal-Projects/ObservationDuty/Content/Materials/Road/Sprites/Grate/Grate001_4K-JPG_Roughness.ubulk" 2452
"D:/Unreal-Projects/ObservationDuty/Content/Materials/Road/Sprites/Grate/Grate001_4K-JPG_Roughness.uasset" 2453
"D:/Unreal-Projects/ObservationDuty/Content/Materials/Road/Sprites/Grate/Grate001_4K-JPG_Roughness.uexp" 2454
"D:/Unreal-Projects/ObservationDuty/Content/Materials/Road/Sprites/Grate/MS_Grate.uasset" 2455
"D:/Unreal-Projects/ObservationDuty/Content/Materials/Road/Sprites/Grate/MS_Grate.uexp" 2456
"D:/Unreal-Projects/ObservationDuty/Content/Materials/Road/Sprites/Line25/RoadLines025A_4K-JPG_AmbientOcclusion.ubulk" 2457
"D:/Unreal-Projects/ObservationDuty/Content/Materials/Road/Sprites/Line25/RoadLines025A_4K-JPG_AmbientOcclusion.uasset" 2458
"D:/Unreal-Projects/ObservationDuty/Content/Materials/Road/Sprites/Line25/RoadLines025A_4K-JPG_AmbientOcclusion.uexp" 2459
"D:/Unreal-Projects/ObservationDuty/Content/Materials/Road/Sprites/Line25/RoadLines025A_4K-JPG_Color.ubulk" 2460
"D:/Unreal-Projects/ObservationDuty/Content/Materials/Road/Sprites/Line25/RoadLines025A_4K-JPG_Color.uasset" 2461
"D:/Unreal-Projects/ObservationDuty/Content/Materials/Road/Sprites/Line25/RoadLines025A_4K-JPG_Color.uexp" 2462
"D:/Unreal-Projects/ObservationDuty/Content/Materials/Road/Sprites/Line25/RoadLines025A_4K-JPG_NormalDX.ubulk" 2463
"D:/Unreal-Projects/ObservationDuty/Content/Materials/Road/Sprites/Line25/RoadLines025A_4K-JPG_NormalDX.uasset" 2464
"D:/Unreal-Projects/ObservationDuty/Content/Materials/Road/Sprites/Line25/RoadLines025A_4K-JPG_NormalDX.uexp" 2465
"D:/Unreal-Projects/ObservationDuty/Content/Materials/Road/Sprites/Line25/RoadLines025A_4K-JPG_Opacity.ubulk" 2466
"D:/Unreal-Projects/ObservationDuty/Content/Materials/Road/Sprites/Line25/RoadLines025A_4K-JPG_Opacity.uasset" 2467
"D:/Unreal-Projects/ObservationDuty/Content/Materials/Road/Sprites/Line25/RoadLines025A_4K-JPG_Opacity.uexp" 2468
"D:/Unreal-Projects/ObservationDuty/Content/Materials/Road/Sprites/Line25/RoadLines025A_4K-JPG_Roughness.ubulk" 2469
"D:/Unreal-Projects/ObservationDuty/Content/Materials/Road/Sprites/Line25/RoadLines025A_4K-JPG_Roughness.uasset" 2470
"D:/Unreal-Projects/ObservationDuty/Content/Materials/Road/Sprites/Line25/RoadLines025A_4K-JPG_Roughness.uexp" 2471
"D:/Unreal-Projects/ObservationDuty/Content/Materials/Road/Sprites/Line25/MS_RoadLines25.uasset" 2472
"D:/Unreal-Projects/ObservationDuty/Content/Materials/Road/Sprites/Line25/MS_RoadLines25.uexp" 2473
"D:/Unreal-Projects/ObservationDuty/Content/Materials/Road/Sprites/Lines22/RoadLines022A_4K-JPG_AmbientOcclusion.ubulk" 2474
"D:/Unreal-Projects/ObservationDuty/Content/Materials/Road/Sprites/Lines22/RoadLines022A_4K-JPG_AmbientOcclusion.uasset" 2475
"D:/Unreal-Projects/ObservationDuty/Content/Materials/Road/Sprites/Lines22/RoadLines022A_4K-JPG_AmbientOcclusion.uexp" 2476
"D:/Unreal-Projects/ObservationDuty/Content/Materials/Road/Sprites/Lines22/RoadLines022A_4K-JPG_Color.ubulk" 2477
"D:/Unreal-Projects/ObservationDuty/Content/Materials/Road/Sprites/Lines22/RoadLines022A_4K-JPG_Color.uasset" 2478
"D:/Unreal-Projects/ObservationDuty/Content/Materials/Road/Sprites/Lines22/RoadLines022A_4K-JPG_Color.uexp" 2479
"D:/Unreal-Projects/ObservationDuty/Content/Materials/Road/Sprites/Lines22/RoadLines022A_4K-JPG_NormalDX.ubulk" 2480
"D:/Unreal-Projects/ObservationDuty/Content/Materials/Road/Sprites/Lines22/RoadLines022A_4K-JPG_NormalDX.uasset" 2481
"D:/Unreal-Projects/ObservationDuty/Content/Materials/Road/Sprites/Lines22/RoadLines022A_4K-JPG_NormalDX.uexp" 2482
"D:/Unreal-Projects/ObservationDuty/Content/Materials/Road/Sprites/Lines22/RoadLines022A_4K-JPG_Opacity.ubulk" 2483
"D:/Unreal-Projects/ObservationDuty/Content/Materials/Road/Sprites/Lines22/RoadLines022A_4K-JPG_Opacity.uasset" 2484
"D:/Unreal-Projects/ObservationDuty/Content/Materials/Road/Sprites/Lines22/RoadLines022A_4K-JPG_Opacity.uexp" 2485
"D:/Unreal-Projects/ObservationDuty/Content/Materials/Road/Sprites/Lines22/RoadLines022A_4K-JPG_Roughness.ubulk" 2486
"D:/Unreal-Projects/ObservationDuty/Content/Materials/Road/Sprites/Lines22/RoadLines022A_4K-JPG_Roughness.uasset" 2487
"D:/Unreal-Projects/ObservationDuty/Content/Materials/Road/Sprites/Lines22/RoadLines022A_4K-JPG_Roughness.uexp" 2488
"D:/Unreal-Projects/ObservationDuty/Content/Materials/Road/Sprites/Lines22/MS_RoadLines22.uasset" 2489
"D:/Unreal-Projects/ObservationDuty/Content/Materials/Road/Sprites/Lines22/MS_RoadLines22.uexp" 2490
"D:/Unreal-Projects/ObservationDuty/Content/Materials/Road/Sprites/Lines29/RoadLines029B_4K-JPG_AmbientOcclusion.ubulk" 2491
"D:/Unreal-Projects/ObservationDuty/Content/Materials/Road/Sprites/Lines29/RoadLines029B_4K-JPG_AmbientOcclusion.uasset" 2492
"D:/Unreal-Projects/ObservationDuty/Content/Materials/Road/Sprites/Lines29/RoadLines029B_4K-JPG_AmbientOcclusion.uexp" 2493
"D:/Unreal-Projects/ObservationDuty/Content/Materials/Road/Sprites/Lines29/RoadLines029B_4K-JPG_Color.ubulk" 2494
"D:/Unreal-Projects/ObservationDuty/Content/Materials/Road/Sprites/Lines29/RoadLines029B_4K-JPG_Color.uasset" 2495
"D:/Unreal-Projects/ObservationDuty/Content/Materials/Road/Sprites/Lines29/RoadLines029B_4K-JPG_Color.uexp" 2496
"D:/Unreal-Projects/ObservationDuty/Content/Materials/Road/Sprites/Lines29/RoadLines029B_4K-JPG_NormalDX.ubulk" 2497
"D:/Unreal-Projects/ObservationDuty/Content/Materials/Road/Sprites/Lines29/RoadLines029B_4K-JPG_NormalDX.uasset" 2498
"D:/Unreal-Projects/ObservationDuty/Content/Materials/Road/Sprites/Lines29/RoadLines029B_4K-JPG_NormalDX.uexp" 2499
"D:/Unreal-Projects/ObservationDuty/Content/Materials/Road/Sprites/Lines29/RoadLines029B_4K-JPG_Opacity.ubulk" 2500
"D:/Unreal-Projects/ObservationDuty/Content/Materials/Road/Sprites/Lines29/RoadLines029B_4K-JPG_Opacity.uasset" 2501
"D:/Unreal-Projects/ObservationDuty/Content/Materials/Road/Sprites/Lines29/RoadLines029B_4K-JPG_Opacity.uexp" 2502
"D:/Unreal-Projects/ObservationDuty/Content/Materials/Road/Sprites/Lines29/RoadLines029B_4K-JPG_Roughness.ubulk" 2503
"D:/Unreal-Projects/ObservationDuty/Content/Materials/Road/Sprites/Lines29/RoadLines029B_4K-JPG_Roughness.uasset" 2504
"D:/Unreal-Projects/ObservationDuty/Content/Materials/Road/Sprites/Lines29/RoadLines029B_4K-JPG_Roughness.uexp" 2505
"D:/Unreal-Projects/ObservationDuty/Content/Materials/Road/Sprites/Lines29/MS_RoadLines29.uasset" 2506
"D:/Unreal-Projects/ObservationDuty/Content/Materials/Road/Sprites/Lines29/MS_RoadLines29.uexp" 2507
"D:/Unreal-Projects/ObservationDuty/Content/Models/StoreMap/Entrence/Doors/Textures/DoorPole_BaseColor.ubulk" 2508
"D:/Unreal-Projects/ObservationDuty/Content/Models/StoreMap/Entrence/Doors/Textures/DoorPole_BaseColor.uasset" 2509
"D:/Unreal-Projects/ObservationDuty/Content/Models/StoreMap/Entrence/Doors/Textures/DoorPole_BaseColor.uexp" 2510
"D:/Unreal-Projects/ObservationDuty/Content/Models/StoreMap/Entrence/Doors/Textures/DoorPole_Metallic.ubulk" 2511
"D:/Unreal-Projects/ObservationDuty/Content/Models/StoreMap/Entrence/Doors/Textures/DoorPole_Metallic.uasset" 2512
"D:/Unreal-Projects/ObservationDuty/Content/Models/StoreMap/Entrence/Doors/Textures/DoorPole_Metallic.uexp" 2513
"D:/Unreal-Projects/ObservationDuty/Content/Models/StoreMap/Entrence/Doors/Textures/DoorPole_Normal.ubulk" 2514
"D:/Unreal-Projects/ObservationDuty/Content/Models/StoreMap/Entrence/Doors/Textures/DoorPole_Normal.uasset" 2515
"D:/Unreal-Projects/ObservationDuty/Content/Models/StoreMap/Entrence/Doors/Textures/DoorPole_Normal.uexp" 2516
"D:/Unreal-Projects/ObservationDuty/Content/Models/StoreMap/Entrence/Doors/Textures/DoorPole_Roughness.ubulk" 2517
"D:/Unreal-Projects/ObservationDuty/Content/Models/StoreMap/Entrence/Doors/Textures/DoorPole_Roughness.uasset" 2518
"D:/Unreal-Projects/ObservationDuty/Content/Models/StoreMap/Entrence/Doors/Textures/DoorPole_Roughness.uexp" 2519
"D:/Unreal-Projects/ObservationDuty/Content/Models/StoreMap/Entrence/Doors/M_DoorPole.uasset" 2520
"D:/Unreal-Projects/ObservationDuty/Content/Models/StoreMap/Entrence/Doors/M_DoorPole.uexp" 2521
"D:/Unreal-Projects/ObservationDuty/Content/Models/StoreMap/Entrence/Doors/M_Window.uasset" 2522
"D:/Unreal-Projects/ObservationDuty/Content/Models/StoreMap/Entrence/Doors/M_Window.uexp" 2523
"D:/Unreal-Projects/ObservationDuty/Content/Models/StoreMap/Entrence/Walls/BuildingWindow.ubulk" 2524
"D:/Unreal-Projects/ObservationDuty/Content/Models/StoreMap/Entrence/Walls/BuildingWindow.uasset" 2525
"D:/Unreal-Projects/ObservationDuty/Content/Models/StoreMap/Entrence/Walls/BuildingWindow.uexp" 2526
"D:/Unreal-Projects/ObservationDuty/Content/Materials/Tiles/Tiles047_4K-JPG_Color.ubulk" 2527
"D:/Unreal-Projects/ObservationDuty/Content/Materials/Tiles/Tiles047_4K-JPG_Color.uasset" 2528
"D:/Unreal-Projects/ObservationDuty/Content/Materials/Tiles/Tiles047_4K-JPG_Color.uexp" 2529
"D:/Unreal-Projects/ObservationDuty/Content/Materials/Tiles/Tiles047_4K-JPG_NormalDX.ubulk" 2530
"D:/Unreal-Projects/ObservationDuty/Content/Materials/Tiles/Tiles047_4K-JPG_NormalDX.uasset" 2531
"D:/Unreal-Projects/ObservationDuty/Content/Materials/Tiles/Tiles047_4K-JPG_NormalDX.uexp" 2532
"D:/Unreal-Projects/ObservationDuty/Content/Materials/Tiles/Tiles047_4K-JPG_Roughness.ubulk" 2533
"D:/Unreal-Projects/ObservationDuty/Content/Materials/Tiles/Tiles047_4K-JPG_Roughness.uasset" 2534
"D:/Unreal-Projects/ObservationDuty/Content/Materials/Tiles/Tiles047_4K-JPG_Roughness.uexp" 2535
"D:/Unreal-Projects/ObservationDuty/Content/Materials/Tiles/M_Tiles.uasset" 2536
"D:/Unreal-Projects/ObservationDuty/Content/Materials/Tiles/M_Tiles.uexp" 2537
"D:/Unreal-Projects/ObservationDuty/Content/Models/StoreMap/Entrence/Walls/InsideFloor.ubulk" 2538
"D:/Unreal-Projects/ObservationDuty/Content/Models/StoreMap/Entrence/Walls/InsideFloor.uasset" 2539
"D:/Unreal-Projects/ObservationDuty/Content/Models/StoreMap/Entrence/Walls/InsideFloor.uexp" 2540
"D:/Unreal-Projects/ObservationDuty/Content/Models/StoreMap/Entrence/Walls/InsideLeftWall.ubulk" 2541
"D:/Unreal-Projects/ObservationDuty/Content/Models/StoreMap/Entrence/Walls/InsideLeftWall.uasset" 2542
"D:/Unreal-Projects/ObservationDuty/Content/Models/StoreMap/Entrence/Walls/InsideLeftWall.uexp" 2543
"D:/Unreal-Projects/ObservationDuty/Content/Models/StoreMap/Store/PharmacySign/PharmacySign_PharmacySign_BaseColor.ubulk" 2544
"D:/Unreal-Projects/ObservationDuty/Content/Models/StoreMap/Store/PharmacySign/PharmacySign_PharmacySign_BaseColor.uasset" 2545
"D:/Unreal-Projects/ObservationDuty/Content/Models/StoreMap/Store/PharmacySign/PharmacySign_PharmacySign_BaseColor.uexp" 2546
"D:/Unreal-Projects/ObservationDuty/Content/Models/StoreMap/Store/PharmacySign/PharmacySign_PharmacySign_Normal.ubulk" 2547
"D:/Unreal-Projects/ObservationDuty/Content/Models/StoreMap/Store/PharmacySign/PharmacySign_PharmacySign_Normal.uasset" 2548
"D:/Unreal-Projects/ObservationDuty/Content/Models/StoreMap/Store/PharmacySign/PharmacySign_PharmacySign_Normal.uexp" 2549
"D:/Unreal-Projects/ObservationDuty/Content/Models/StoreMap/Store/PharmacySign/PharmacySign_PharmacySign_OcclusionRoughnessMetallic.ubulk" 2550
"D:/Unreal-Projects/ObservationDuty/Content/Models/StoreMap/Store/PharmacySign/PharmacySign_PharmacySign_OcclusionRoughnessMetallic.uasset" 2551
"D:/Unreal-Projects/ObservationDuty/Content/Models/StoreMap/Store/PharmacySign/PharmacySign_PharmacySign_OcclusionRoughnessMetallic.uexp" 2552
"D:/Unreal-Projects/ObservationDuty/Content/Models/StoreMap/Store/PharmacySign/M_PharmacySign.uasset" 2553
"D:/Unreal-Projects/ObservationDuty/Content/Models/StoreMap/Store/PharmacySign/M_PharmacySign.uexp" 2554
"D:/Unreal-Projects/ObservationDuty/Content/Models/StoreMap/Store/PharmacySign/PharmacySign.ubulk" 2555
"D:/Unreal-Projects/ObservationDuty/Content/Models/StoreMap/Store/PharmacySign/PharmacySign.uasset" 2556
"D:/Unreal-Projects/ObservationDuty/Content/Models/StoreMap/Store/PharmacySign/PharmacySign.uexp" 2557
"D:/Unreal-Projects/ObservationDuty/Content/StorePropsCollection/StaticMeshes/GarbagePackage/Textures/T_GarbaePackage_Alpha.ubulk" 2558
"D:/Unreal-Projects/ObservationDuty/Content/StorePropsCollection/StaticMeshes/GarbagePackage/Textures/T_GarbaePackage_Alpha.uasset" 2559
"D:/Unreal-Projects/ObservationDuty/Content/StorePropsCollection/StaticMeshes/GarbagePackage/Textures/T_GarbaePackage_Alpha.uexp" 2560
"D:/Unreal-Projects/ObservationDuty/Content/StorePropsCollection/StaticMeshes/GarbagePackage/Textures/T_GarbagePackage_AO.ubulk" 2561
"D:/Unreal-Projects/ObservationDuty/Content/StorePropsCollection/StaticMeshes/GarbagePackage/Textures/T_GarbagePackage_AO.uasset" 2562
"D:/Unreal-Projects/ObservationDuty/Content/StorePropsCollection/StaticMeshes/GarbagePackage/Textures/T_GarbagePackage_AO.uexp" 2563
"D:/Unreal-Projects/ObservationDuty/Content/StorePropsCollection/StaticMeshes/GarbagePackage/Textures/T_GarbagePackage_BaseColor.ubulk" 2564
"D:/Unreal-Projects/ObservationDuty/Content/StorePropsCollection/StaticMeshes/GarbagePackage/Textures/T_GarbagePackage_BaseColor.uasset" 2565
"D:/Unreal-Projects/ObservationDuty/Content/StorePropsCollection/StaticMeshes/GarbagePackage/Textures/T_GarbagePackage_BaseColor.uexp" 2566
"D:/Unreal-Projects/ObservationDuty/Content/StorePropsCollection/StaticMeshes/GarbagePackage/Textures/T_GarbagePackage_Metallic.ubulk" 2567
"D:/Unreal-Projects/ObservationDuty/Content/StorePropsCollection/StaticMeshes/GarbagePackage/Textures/T_GarbagePackage_Metallic.uasset" 2568
"D:/Unreal-Projects/ObservationDuty/Content/StorePropsCollection/StaticMeshes/GarbagePackage/Textures/T_GarbagePackage_Metallic.uexp" 2569
"D:/Unreal-Projects/ObservationDuty/Content/StorePropsCollection/StaticMeshes/GarbagePackage/Textures/T_GarbagePackage_Normal.ubulk" 2570
"D:/Unreal-Projects/ObservationDuty/Content/StorePropsCollection/StaticMeshes/GarbagePackage/Textures/T_GarbagePackage_Normal.uasset" 2571
"D:/Unreal-Projects/ObservationDuty/Content/StorePropsCollection/StaticMeshes/GarbagePackage/Textures/T_GarbagePackage_Normal.uexp" 2572
"D:/Unreal-Projects/ObservationDuty/Content/StorePropsCollection/StaticMeshes/GarbagePackage/Textures/T_GarbagePackage_Roughness.ubulk" 2573
"D:/Unreal-Projects/ObservationDuty/Content/StorePropsCollection/StaticMeshes/GarbagePackage/Textures/T_GarbagePackage_Roughness.uasset" 2574
"D:/Unreal-Projects/ObservationDuty/Content/StorePropsCollection/StaticMeshes/GarbagePackage/Textures/T_GarbagePackage_Roughness.uexp" 2575
"D:/Unreal-Projects/ObservationDuty/Content/StorePropsCollection/StaticMeshes/GarbagePackage/Materials/M_GarbagePackage.uasset" 2576
"D:/Unreal-Projects/ObservationDuty/Content/StorePropsCollection/StaticMeshes/GarbagePackage/Materials/M_GarbagePackage.uexp" 2577
"D:/Unreal-Projects/ObservationDuty/Content/StorePropsCollection/StaticMeshes/GarbagePackage/StaticMeshes/SM_Cardboard4.ubulk" 2578
"D:/Unreal-Projects/ObservationDuty/Content/StorePropsCollection/StaticMeshes/GarbagePackage/StaticMeshes/SM_Cardboard4.uasset" 2579
"D:/Unreal-Projects/ObservationDuty/Content/StorePropsCollection/StaticMeshes/GarbagePackage/StaticMeshes/SM_Cardboard4.uexp" 2580
"D:/Unreal-Projects/ObservationDuty/Content/StorePropsCollection/StaticMeshes/GroceryPack/Textures/T_Grocery1_Base_Color.ubulk" 2581
"D:/Unreal-Projects/ObservationDuty/Content/StorePropsCollection/StaticMeshes/GroceryPack/Textures/T_Grocery1_Base_Color.uasset" 2582
"D:/Unreal-Projects/ObservationDuty/Content/StorePropsCollection/StaticMeshes/GroceryPack/Textures/T_Grocery1_Base_Color.uexp" 2583
"D:/Unreal-Projects/ObservationDuty/Content/StorePropsCollection/StaticMeshes/GroceryPack/Textures/T_Grocery1_Metallic.ubulk" 2584
"D:/Unreal-Projects/ObservationDuty/Content/StorePropsCollection/StaticMeshes/GroceryPack/Textures/T_Grocery1_Metallic.uasset" 2585
"D:/Unreal-Projects/ObservationDuty/Content/StorePropsCollection/StaticMeshes/GroceryPack/Textures/T_Grocery1_Metallic.uexp" 2586
"D:/Unreal-Projects/ObservationDuty/Content/StorePropsCollection/StaticMeshes/GroceryPack/Textures/T_Grocery1_Mixed_AO.ubulk" 2587
"D:/Unreal-Projects/ObservationDuty/Content/StorePropsCollection/StaticMeshes/GroceryPack/Textures/T_Grocery1_Mixed_AO.uasset" 2588
"D:/Unreal-Projects/ObservationDuty/Content/StorePropsCollection/StaticMeshes/GroceryPack/Textures/T_Grocery1_Mixed_AO.uexp" 2589
"D:/Unreal-Projects/ObservationDuty/Content/StorePropsCollection/StaticMeshes/GroceryPack/Textures/T_Grocery1_Normal_OpenGL.ubulk" 2590
"D:/Unreal-Projects/ObservationDuty/Content/StorePropsCollection/StaticMeshes/GroceryPack/Textures/T_Grocery1_Normal_OpenGL.uasset" 2591
"D:/Unreal-Projects/ObservationDuty/Content/StorePropsCollection/StaticMeshes/GroceryPack/Textures/T_Grocery1_Normal_OpenGL.uexp" 2592
"D:/Unreal-Projects/ObservationDuty/Content/StorePropsCollection/StaticMeshes/GroceryPack/Textures/T_Grocery1_Opacity.ubulk" 2593
"D:/Unreal-Projects/ObservationDuty/Content/StorePropsCollection/StaticMeshes/GroceryPack/Textures/T_Grocery1_Opacity.uasset" 2594
"D:/Unreal-Projects/ObservationDuty/Content/StorePropsCollection/StaticMeshes/GroceryPack/Textures/T_Grocery1_Opacity.uexp" 2595
"D:/Unreal-Projects/ObservationDuty/Content/StorePropsCollection/StaticMeshes/GroceryPack/Materials/M_Grocery1.uasset" 2596
"D:/Unreal-Projects/ObservationDuty/Content/StorePropsCollection/StaticMeshes/GroceryPack/Materials/M_Grocery1.uexp" 2597
"D:/Unreal-Projects/ObservationDuty/Content/StorePropsCollection/StaticMeshes/GroceryPack/StaticMeshes/SM_Beer.ubulk" 2598
"D:/Unreal-Projects/ObservationDuty/Content/StorePropsCollection/StaticMeshes/GroceryPack/StaticMeshes/SM_Beer.uasset" 2599
"D:/Unreal-Projects/ObservationDuty/Content/StorePropsCollection/StaticMeshes/GroceryPack/StaticMeshes/SM_Beer.uexp" 2600
"D:/Unreal-Projects/ObservationDuty/Content/StorePropsCollection/StaticMeshes/GroceryPack/Textures/T_Grocery3_Base_Color.ubulk" 2601
"D:/Unreal-Projects/ObservationDuty/Content/StorePropsCollection/StaticMeshes/GroceryPack/Textures/T_Grocery3_Base_Color.uasset" 2602
"D:/Unreal-Projects/ObservationDuty/Content/StorePropsCollection/StaticMeshes/GroceryPack/Textures/T_Grocery3_Base_Color.uexp" 2603
"D:/Unreal-Projects/ObservationDuty/Content/StorePropsCollection/StaticMeshes/GroceryPack/Textures/T_Grocery3_Metallic.ubulk" 2604
"D:/Unreal-Projects/ObservationDuty/Content/StorePropsCollection/StaticMeshes/GroceryPack/Textures/T_Grocery3_Metallic.uasset" 2605
"D:/Unreal-Projects/ObservationDuty/Content/StorePropsCollection/StaticMeshes/GroceryPack/Textures/T_Grocery3_Metallic.uexp" 2606
"D:/Unreal-Projects/ObservationDuty/Content/StorePropsCollection/StaticMeshes/GroceryPack/Textures/T_Grocery3_Mixed_AO.ubulk" 2607
"D:/Unreal-Projects/ObservationDuty/Content/StorePropsCollection/StaticMeshes/GroceryPack/Textures/T_Grocery3_Mixed_AO.uasset" 2608
"D:/Unreal-Projects/ObservationDuty/Content/StorePropsCollection/StaticMeshes/GroceryPack/Textures/T_Grocery3_Mixed_AO.uexp" 2609
"D:/Unreal-Projects/ObservationDuty/Content/StorePropsCollection/StaticMeshes/GroceryPack/Textures/T_Grocery3_Normal_OpenGL.ubulk" 2610
"D:/Unreal-Projects/ObservationDuty/Content/StorePropsCollection/StaticMeshes/GroceryPack/Textures/T_Grocery3_Normal_OpenGL.uasset" 2611
"D:/Unreal-Projects/ObservationDuty/Content/StorePropsCollection/StaticMeshes/GroceryPack/Textures/T_Grocery3_Normal_OpenGL.uexp" 2612
"D:/Unreal-Projects/ObservationDuty/Content/StorePropsCollection/StaticMeshes/GroceryPack/Textures/T_Grocery3_Roughness.ubulk" 2613
"D:/Unreal-Projects/ObservationDuty/Content/StorePropsCollection/StaticMeshes/GroceryPack/Textures/T_Grocery3_Roughness.uasset" 2614
"D:/Unreal-Projects/ObservationDuty/Content/StorePropsCollection/StaticMeshes/GroceryPack/Textures/T_Grocery3_Roughness.uexp" 2615
"D:/Unreal-Projects/ObservationDuty/Content/StorePropsCollection/StaticMeshes/GroceryPack/Materials/M_Grocery3.uasset" 2616
"D:/Unreal-Projects/ObservationDuty/Content/StorePropsCollection/StaticMeshes/GroceryPack/Materials/M_Grocery3.uexp" 2617
"D:/Unreal-Projects/ObservationDuty/Content/StorePropsCollection/StaticMeshes/GroceryPack/StaticMeshes/SM_Bread1.ubulk" 2618
"D:/Unreal-Projects/ObservationDuty/Content/StorePropsCollection/StaticMeshes/GroceryPack/StaticMeshes/SM_Bread1.uasset" 2619
"D:/Unreal-Projects/ObservationDuty/Content/StorePropsCollection/StaticMeshes/GroceryPack/StaticMeshes/SM_Bread1.uexp" 2620
"D:/Unreal-Projects/ObservationDuty/Content/StorePropsCollection/StaticMeshes/GroceryPack/StaticMeshes/SM_Bread2.ubulk" 2621
"D:/Unreal-Projects/ObservationDuty/Content/StorePropsCollection/StaticMeshes/GroceryPack/StaticMeshes/SM_Bread2.uasset" 2622
"D:/Unreal-Projects/ObservationDuty/Content/StorePropsCollection/StaticMeshes/GroceryPack/StaticMeshes/SM_Bread2.uexp" 2623
"D:/Unreal-Projects/ObservationDuty/Content/StorePropsCollection/StaticMeshes/GroceryPack/StaticMeshes/SM_Butter.ubulk" 2624
"D:/Unreal-Projects/ObservationDuty/Content/StorePropsCollection/StaticMeshes/GroceryPack/StaticMeshes/SM_Butter.uasset" 2625
"D:/Unreal-Projects/ObservationDuty/Content/StorePropsCollection/StaticMeshes/GroceryPack/StaticMeshes/SM_Butter.uexp" 2626
"D:/Unreal-Projects/ObservationDuty/Content/StorePropsCollection/StaticMeshes/GroceryPack/StaticMeshes/SM_Can1.ubulk" 2627
"D:/Unreal-Projects/ObservationDuty/Content/StorePropsCollection/StaticMeshes/GroceryPack/StaticMeshes/SM_Can1.uasset" 2628
"D:/Unreal-Projects/ObservationDuty/Content/StorePropsCollection/StaticMeshes/GroceryPack/StaticMeshes/SM_Can1.uexp" 2629
"D:/Unreal-Projects/ObservationDuty/Content/StorePropsCollection/StaticMeshes/GroceryPack/StaticMeshes/SM_Can2.ubulk" 2630
"D:/Unreal-Projects/ObservationDuty/Content/StorePropsCollection/StaticMeshes/GroceryPack/StaticMeshes/SM_Can2.uasset" 2631
"D:/Unreal-Projects/ObservationDuty/Content/StorePropsCollection/StaticMeshes/GroceryPack/StaticMeshes/SM_Can2.uexp" 2632
"D:/Unreal-Projects/ObservationDuty/Content/StorePropsCollection/StaticMeshes/GroceryPack/StaticMeshes/SM_Can3.ubulk" 2633
"D:/Unreal-Projects/ObservationDuty/Content/StorePropsCollection/StaticMeshes/GroceryPack/StaticMeshes/SM_Can3.uasset" 2634
"D:/Unreal-Projects/ObservationDuty/Content/StorePropsCollection/StaticMeshes/GroceryPack/StaticMeshes/SM_Can3.uexp" 2635
"D:/Unreal-Projects/ObservationDuty/Content/StorePropsCollection/StaticMeshes/GroceryPack/StaticMeshes/SM_Can4.ubulk" 2636
"D:/Unreal-Projects/ObservationDuty/Content/StorePropsCollection/StaticMeshes/GroceryPack/StaticMeshes/SM_Can4.uasset" 2637
"D:/Unreal-Projects/ObservationDuty/Content/StorePropsCollection/StaticMeshes/GroceryPack/StaticMeshes/SM_Can4.uexp" 2638
"D:/Unreal-Projects/ObservationDuty/Content/StorePropsCollection/StaticMeshes/GroceryPack/StaticMeshes/SM_CanadyBar.ubulk" 2639
"D:/Unreal-Projects/ObservationDuty/Content/StorePropsCollection/StaticMeshes/GroceryPack/StaticMeshes/SM_CanadyBar.uasset" 2640
"D:/Unreal-Projects/ObservationDuty/Content/StorePropsCollection/StaticMeshes/GroceryPack/StaticMeshes/SM_CanadyBar.uexp" 2641
"D:/Unreal-Projects/ObservationDuty/Content/StorePropsCollection/StaticMeshes/GroceryPack/StaticMeshes/SM_Cheese3.ubulk" 2642
"D:/Unreal-Projects/ObservationDuty/Content/StorePropsCollection/StaticMeshes/GroceryPack/StaticMeshes/SM_Cheese3.uasset" 2643
"D:/Unreal-Projects/ObservationDuty/Content/StorePropsCollection/StaticMeshes/GroceryPack/StaticMeshes/SM_Cheese3.uexp" 2644
"D:/Unreal-Projects/ObservationDuty/Content/StorePropsCollection/StaticMeshes/GroceryPack/StaticMeshes/SM_Cheese4.ubulk" 2645
"D:/Unreal-Projects/ObservationDuty/Content/StorePropsCollection/StaticMeshes/GroceryPack/StaticMeshes/SM_Cheese4.uasset" 2646
"D:/Unreal-Projects/ObservationDuty/Content/StorePropsCollection/StaticMeshes/GroceryPack/StaticMeshes/SM_Cheese4.uexp" 2647
"D:/Unreal-Projects/ObservationDuty/Content/StorePropsCollection/StaticMeshes/GroceryPack/StaticMeshes/SM_Chips.ubulk" 2648
"D:/Unreal-Projects/ObservationDuty/Content/StorePropsCollection/StaticMeshes/GroceryPack/StaticMeshes/SM_Chips.uasset" 2649
"D:/Unreal-Projects/ObservationDuty/Content/StorePropsCollection/StaticMeshes/GroceryPack/StaticMeshes/SM_Chips.uexp" 2650
"D:/Unreal-Projects/ObservationDuty/Content/StorePropsCollection/StaticMeshes/GroceryPack/StaticMeshes/SM_ChocolateBar.ubulk" 2651
"D:/Unreal-Projects/ObservationDuty/Content/StorePropsCollection/StaticMeshes/GroceryPack/StaticMeshes/SM_ChocolateBar.uasset" 2652
"D:/Unreal-Projects/ObservationDuty/Content/StorePropsCollection/StaticMeshes/GroceryPack/StaticMeshes/SM_ChocolateBar.uexp" 2653
"D:/Unreal-Projects/ObservationDuty/Content/StorePropsCollection/StaticMeshes/GroceryPack/StaticMeshes/SM_Coffee.ubulk" 2654
"D:/Unreal-Projects/ObservationDuty/Content/StorePropsCollection/StaticMeshes/GroceryPack/StaticMeshes/SM_Coffee.uasset" 2655
"D:/Unreal-Projects/ObservationDuty/Content/StorePropsCollection/StaticMeshes/GroceryPack/StaticMeshes/SM_Coffee.uexp" 2656
"D:/Unreal-Projects/ObservationDuty/Content/StorePropsCollection/StaticMeshes/GroceryPack/StaticMeshes/SM_Corndogs.ubulk" 2657
"D:/Unreal-Projects/ObservationDuty/Content/StorePropsCollection/StaticMeshes/GroceryPack/StaticMeshes/SM_Corndogs.uasset" 2658
"D:/Unreal-Projects/ObservationDuty/Content/StorePropsCollection/StaticMeshes/GroceryPack/StaticMeshes/SM_Corndogs.uexp" 2659
"D:/Unreal-Projects/ObservationDuty/Content/StorePropsCollection/StaticMeshes/GroceryPack/StaticMeshes/SM_CornFlakes.ubulk" 2660
"D:/Unreal-Projects/ObservationDuty/Content/StorePropsCollection/StaticMeshes/GroceryPack/StaticMeshes/SM_CornFlakes.uasset" 2661
"D:/Unreal-Projects/ObservationDuty/Content/StorePropsCollection/StaticMeshes/GroceryPack/StaticMeshes/SM_CornFlakes.uexp" 2662
"D:/Unreal-Projects/ObservationDuty/Content/StorePropsCollection/StaticMeshes/GroceryPack/StaticMeshes/SM_Cracker.ubulk" 2663
"D:/Unreal-Projects/ObservationDuty/Content/StorePropsCollection/StaticMeshes/GroceryPack/StaticMeshes/SM_Cracker.uasset" 2664
"D:/Unreal-Projects/ObservationDuty/Content/StorePropsCollection/StaticMeshes/GroceryPack/StaticMeshes/SM_Cracker.uexp" 2665
"D:/Unreal-Projects/ObservationDuty/Content/StorePropsCollection/StaticMeshes/GroceryPack/StaticMeshes/SM_Eggs.ubulk" 2666
"D:/Unreal-Projects/ObservationDuty/Content/StorePropsCollection/StaticMeshes/GroceryPack/StaticMeshes/SM_Eggs.uasset" 2667
"D:/Unreal-Projects/ObservationDuty/Content/StorePropsCollection/StaticMeshes/GroceryPack/StaticMeshes/SM_Eggs.uexp" 2668
"D:/Unreal-Projects/ObservationDuty/Content/StorePropsCollection/StaticMeshes/GroceryPack/StaticMeshes/SM_EnergyDrink.ubulk" 2669
"D:/Unreal-Projects/ObservationDuty/Content/StorePropsCollection/StaticMeshes/GroceryPack/StaticMeshes/SM_EnergyDrink.uasset" 2670
"D:/Unreal-Projects/ObservationDuty/Content/StorePropsCollection/StaticMeshes/GroceryPack/StaticMeshes/SM_EnergyDrink.uexp" 2671
"D:/Unreal-Projects/ObservationDuty/Content/StorePropsCollection/StaticMeshes/GroceryPack/StaticMeshes/SM_Flour.ubulk" 2672
"D:/Unreal-Projects/ObservationDuty/Content/StorePropsCollection/StaticMeshes/GroceryPack/StaticMeshes/SM_Flour.uasset" 2673
"D:/Unreal-Projects/ObservationDuty/Content/StorePropsCollection/StaticMeshes/GroceryPack/StaticMeshes/SM_Flour.uexp" 2674
"D:/Unreal-Projects/ObservationDuty/Content/StorePropsCollection/StaticMeshes/GroceryPack/StaticMeshes/SM_Icecream.ubulk" 2675
"D:/Unreal-Projects/ObservationDuty/Content/StorePropsCollection/StaticMeshes/GroceryPack/StaticMeshes/SM_Icecream.uasset" 2676
"D:/Unreal-Projects/ObservationDuty/Content/StorePropsCollection/StaticMeshes/GroceryPack/StaticMeshes/SM_Icecream.uexp" 2677
"D:/Unreal-Projects/ObservationDuty/Content/StorePropsCollection/StaticMeshes/GroceryPack/StaticMeshes/SM_Jam1.ubulk" 2678
"D:/Unreal-Projects/ObservationDuty/Content/StorePropsCollection/StaticMeshes/GroceryPack/StaticMeshes/SM_Jam1.uasset" 2679
"D:/Unreal-Projects/ObservationDuty/Content/StorePropsCollection/StaticMeshes/GroceryPack/StaticMeshes/SM_Jam1.uexp" 2680
"D:/Unreal-Projects/ObservationDuty/Content/StorePropsCollection/StaticMeshes/GroceryPack/StaticMeshes/SM_Jam2.ubulk" 2681
"D:/Unreal-Projects/ObservationDuty/Content/StorePropsCollection/StaticMeshes/GroceryPack/StaticMeshes/SM_Jam2.uasset" 2682
"D:/Unreal-Projects/ObservationDuty/Content/StorePropsCollection/StaticMeshes/GroceryPack/StaticMeshes/SM_Jam2.uexp" 2683
"D:/Unreal-Projects/ObservationDuty/Content/StorePropsCollection/StaticMeshes/GroceryPack/StaticMeshes/SM_Juice.ubulk" 2684
"D:/Unreal-Projects/ObservationDuty/Content/StorePropsCollection/StaticMeshes/GroceryPack/StaticMeshes/SM_Juice.uasset" 2685
"D:/Unreal-Projects/ObservationDuty/Content/StorePropsCollection/StaticMeshes/GroceryPack/StaticMeshes/SM_Juice.uexp" 2686
"D:/Unreal-Projects/ObservationDuty/Content/StorePropsCollection/StaticMeshes/GroceryPack/StaticMeshes/SM_Ketchup.ubulk" 2687
"D:/Unreal-Projects/ObservationDuty/Content/StorePropsCollection/StaticMeshes/GroceryPack/StaticMeshes/SM_Ketchup.uasset" 2688
"D:/Unreal-Projects/ObservationDuty/Content/StorePropsCollection/StaticMeshes/GroceryPack/StaticMeshes/SM_Ketchup.uexp" 2689
"D:/Unreal-Projects/ObservationDuty/Content/StorePropsCollection/StaticMeshes/GroceryPack/StaticMeshes/SM_Milk1.ubulk" 2690
"D:/Unreal-Projects/ObservationDuty/Content/StorePropsCollection/StaticMeshes/GroceryPack/StaticMeshes/SM_Milk1.uasset" 2691
"D:/Unreal-Projects/ObservationDuty/Content/StorePropsCollection/StaticMeshes/GroceryPack/StaticMeshes/SM_Milk1.uexp" 2692
"D:/Unreal-Projects/ObservationDuty/Content/StorePropsCollection/StaticMeshes/GroceryPack/StaticMeshes/SM_Milk2.ubulk" 2693
"D:/Unreal-Projects/ObservationDuty/Content/StorePropsCollection/StaticMeshes/GroceryPack/StaticMeshes/SM_Milk2.uasset" 2694
"D:/Unreal-Projects/ObservationDuty/Content/StorePropsCollection/StaticMeshes/GroceryPack/StaticMeshes/SM_Milk2.uexp" 2695
"D:/Unreal-Projects/ObservationDuty/Content/StorePropsCollection/StaticMeshes/GroceryPack/StaticMeshes/SM_Noodle.ubulk" 2696
"D:/Unreal-Projects/ObservationDuty/Content/StorePropsCollection/StaticMeshes/GroceryPack/StaticMeshes/SM_Noodle.uasset" 2697
"D:/Unreal-Projects/ObservationDuty/Content/StorePropsCollection/StaticMeshes/GroceryPack/StaticMeshes/SM_Noodle.uexp" 2698
"D:/Unreal-Projects/ObservationDuty/Content/StorePropsCollection/StaticMeshes/GroceryPack/StaticMeshes/SM_Oil.ubulk" 2699
"D:/Unreal-Projects/ObservationDuty/Content/StorePropsCollection/StaticMeshes/GroceryPack/StaticMeshes/SM_Oil.uasset" 2700
"D:/Unreal-Projects/ObservationDuty/Content/StorePropsCollection/StaticMeshes/GroceryPack/StaticMeshes/SM_Oil.uexp" 2701
"D:/Unreal-Projects/ObservationDuty/Content/StorePropsCollection/StaticMeshes/GroceryPack/StaticMeshes/SM_Pasta.ubulk" 2702
"D:/Unreal-Projects/ObservationDuty/Content/StorePropsCollection/StaticMeshes/GroceryPack/StaticMeshes/SM_Pasta.uasset" 2703
"D:/Unreal-Projects/ObservationDuty/Content/StorePropsCollection/StaticMeshes/GroceryPack/StaticMeshes/SM_Pasta.uexp" 2704
"D:/Unreal-Projects/ObservationDuty/Content/StorePropsCollection/StaticMeshes/GroceryPack/StaticMeshes/SM_PeanutButter.ubulk" 2705
"D:/Unreal-Projects/ObservationDuty/Content/StorePropsCollection/StaticMeshes/GroceryPack/StaticMeshes/SM_PeanutButter.uasset" 2706
"D:/Unreal-Projects/ObservationDuty/Content/StorePropsCollection/StaticMeshes/GroceryPack/StaticMeshes/SM_PeanutButter.uexp" 2707
"D:/Unreal-Projects/ObservationDuty/Content/StorePropsCollection/StaticMeshes/GroceryPack/StaticMeshes/SM_PotatoPackage.ubulk" 2708
"D:/Unreal-Projects/ObservationDuty/Content/StorePropsCollection/StaticMeshes/GroceryPack/StaticMeshes/SM_PotatoPackage.uasset" 2709
"D:/Unreal-Projects/ObservationDuty/Content/StorePropsCollection/StaticMeshes/GroceryPack/StaticMeshes/SM_PotatoPackage.uexp" 2710
"D:/Unreal-Projects/ObservationDuty/Content/StorePropsCollection/StaticMeshes/GroceryPack/StaticMeshes/SM_Pudding.ubulk" 2711
"D:/Unreal-Projects/ObservationDuty/Content/StorePropsCollection/StaticMeshes/GroceryPack/StaticMeshes/SM_Pudding.uasset" 2712
"D:/Unreal-Projects/ObservationDuty/Content/StorePropsCollection/StaticMeshes/GroceryPack/StaticMeshes/SM_Pudding.uexp" 2713
"D:/Unreal-Projects/ObservationDuty/Content/StorePropsCollection/StaticMeshes/GroceryPack/StaticMeshes/SM_Pudding2.ubulk" 2714
"D:/Unreal-Projects/ObservationDuty/Content/StorePropsCollection/StaticMeshes/GroceryPack/StaticMeshes/SM_Pudding2.uasset" 2715
"D:/Unreal-Projects/ObservationDuty/Content/StorePropsCollection/StaticMeshes/GroceryPack/StaticMeshes/SM_Pudding2.uexp" 2716
"D:/Unreal-Projects/ObservationDuty/Content/StorePropsCollection/StaticMeshes/GroceryPack/Textures/T_Grocery2_Base_Color.ubulk" 2717
"D:/Unreal-Projects/ObservationDuty/Content/StorePropsCollection/StaticMeshes/GroceryPack/Textures/T_Grocery2_Base_Color.uasset" 2718
"D:/Unreal-Projects/ObservationDuty/Content/StorePropsCollection/StaticMeshes/GroceryPack/Textures/T_Grocery2_Base_Color.uexp" 2719
"D:/Unreal-Projects/ObservationDuty/Content/StorePropsCollection/StaticMeshes/GroceryPack/Textures/T_Grocery2_Metallic.ubulk" 2720
"D:/Unreal-Projects/ObservationDuty/Content/StorePropsCollection/StaticMeshes/GroceryPack/Textures/T_Grocery2_Metallic.uasset" 2721
"D:/Unreal-Projects/ObservationDuty/Content/StorePropsCollection/StaticMeshes/GroceryPack/Textures/T_Grocery2_Metallic.uexp" 2722
"D:/Unreal-Projects/ObservationDuty/Content/StorePropsCollection/StaticMeshes/GroceryPack/Textures/T_Grocery2_Mixed_AO.ubulk" 2723
"D:/Unreal-Projects/ObservationDuty/Content/StorePropsCollection/StaticMeshes/GroceryPack/Textures/T_Grocery2_Mixed_AO.uasset" 2724
"D:/Unreal-Projects/ObservationDuty/Content/StorePropsCollection/StaticMeshes/GroceryPack/Textures/T_Grocery2_Mixed_AO.uexp" 2725
"D:/Unreal-Projects/ObservationDuty/Content/StorePropsCollection/StaticMeshes/GroceryPack/Textures/T_Grocery2_Normal_OpenGL.ubulk" 2726
"D:/Unreal-Projects/ObservationDuty/Content/StorePropsCollection/StaticMeshes/GroceryPack/Textures/T_Grocery2_Normal_OpenGL.uasset" 2727
"D:/Unreal-Projects/ObservationDuty/Content/StorePropsCollection/StaticMeshes/GroceryPack/Textures/T_Grocery2_Normal_OpenGL.uexp" 2728
"D:/Unreal-Projects/ObservationDuty/Content/StorePropsCollection/StaticMeshes/GroceryPack/Textures/T_Grocery2_Opacity.ubulk" 2729
"D:/Unreal-Projects/ObservationDuty/Content/StorePropsCollection/StaticMeshes/GroceryPack/Textures/T_Grocery2_Opacity.uasset" 2730
"D:/Unreal-Projects/ObservationDuty/Content/StorePropsCollection/StaticMeshes/GroceryPack/Textures/T_Grocery2_Opacity.uexp" 2731
"D:/Unreal-Projects/ObservationDuty/Content/StorePropsCollection/StaticMeshes/GroceryPack/Textures/T_Grocery2_Roughness.ubulk" 2732
"D:/Unreal-Projects/ObservationDuty/Content/StorePropsCollection/StaticMeshes/GroceryPack/Textures/T_Grocery2_Roughness.uasset" 2733
"D:/Unreal-Projects/ObservationDuty/Content/StorePropsCollection/StaticMeshes/GroceryPack/Textures/T_Grocery2_Roughness.uexp" 2734
"D:/Unreal-Projects/ObservationDuty/Content/StorePropsCollection/StaticMeshes/GroceryPack/Materials/M_Grocery2.uasset" 2735
"D:/Unreal-Projects/ObservationDuty/Content/StorePropsCollection/StaticMeshes/GroceryPack/Materials/M_Grocery2.uexp" 2736
"D:/Unreal-Projects/ObservationDuty/Content/StorePropsCollection/StaticMeshes/GroceryPack/StaticMeshes/SM_Pumkin1.ubulk" 2737
"D:/Unreal-Projects/ObservationDuty/Content/StorePropsCollection/StaticMeshes/GroceryPack/StaticMeshes/SM_Pumkin1.uasset" 2738
"D:/Unreal-Projects/ObservationDuty/Content/StorePropsCollection/StaticMeshes/GroceryPack/StaticMeshes/SM_Pumkin1.uexp" 2739
"D:/Unreal-Projects/ObservationDuty/Content/StorePropsCollection/StaticMeshes/GroceryPack/StaticMeshes/SM_Rice.ubulk" 2740
"D:/Unreal-Projects/ObservationDuty/Content/StorePropsCollection/StaticMeshes/GroceryPack/StaticMeshes/SM_Rice.uasset" 2741
"D:/Unreal-Projects/ObservationDuty/Content/StorePropsCollection/StaticMeshes/GroceryPack/StaticMeshes/SM_Rice.uexp" 2742
"D:/Unreal-Projects/ObservationDuty/Content/StorePropsCollection/StaticMeshes/GroceryPack/StaticMeshes/SM_Salt.ubulk" 2743
"D:/Unreal-Projects/ObservationDuty/Content/StorePropsCollection/StaticMeshes/GroceryPack/StaticMeshes/SM_Salt.uasset" 2744
"D:/Unreal-Projects/ObservationDuty/Content/StorePropsCollection/StaticMeshes/GroceryPack/StaticMeshes/SM_Salt.uexp" 2745
"D:/Unreal-Projects/ObservationDuty/Content/StorePropsCollection/StaticMeshes/GroceryPack/StaticMeshes/SM_SmallJar.ubulk" 2746
"D:/Unreal-Projects/ObservationDuty/Content/StorePropsCollection/StaticMeshes/GroceryPack/StaticMeshes/SM_SmallJar.uasset" 2747
"D:/Unreal-Projects/ObservationDuty/Content/StorePropsCollection/StaticMeshes/GroceryPack/StaticMeshes/SM_SmallJar.uexp" 2748
"D:/Unreal-Projects/ObservationDuty/Content/StorePropsCollection/StaticMeshes/GroceryPack/StaticMeshes/SM_Soda.ubulk" 2749
"D:/Unreal-Projects/ObservationDuty/Content/StorePropsCollection/StaticMeshes/GroceryPack/StaticMeshes/SM_Soda.uasset" 2750
"D:/Unreal-Projects/ObservationDuty/Content/StorePropsCollection/StaticMeshes/GroceryPack/StaticMeshes/SM_Soda.uexp" 2751
"D:/Unreal-Projects/ObservationDuty/Content/StorePropsCollection/StaticMeshes/GroceryPack/StaticMeshes/SM_Sugar.ubulk" 2752
"D:/Unreal-Projects/ObservationDuty/Content/StorePropsCollection/StaticMeshes/GroceryPack/StaticMeshes/SM_Sugar.uasset" 2753
"D:/Unreal-Projects/ObservationDuty/Content/StorePropsCollection/StaticMeshes/GroceryPack/StaticMeshes/SM_Sugar.uexp" 2754
"D:/Unreal-Projects/ObservationDuty/Content/StorePropsCollection/StaticMeshes/GroceryPack/StaticMeshes/SM_Tea1.ubulk" 2755
"D:/Unreal-Projects/ObservationDuty/Content/StorePropsCollection/StaticMeshes/GroceryPack/StaticMeshes/SM_Tea1.uasset" 2756
"D:/Unreal-Projects/ObservationDuty/Content/StorePropsCollection/StaticMeshes/GroceryPack/StaticMeshes/SM_Tea1.uexp" 2757
"D:/Unreal-Projects/ObservationDuty/Content/StorePropsCollection/StaticMeshes/GroceryPack/StaticMeshes/SM_Tea2.ubulk" 2758
"D:/Unreal-Projects/ObservationDuty/Content/StorePropsCollection/StaticMeshes/GroceryPack/StaticMeshes/SM_Tea2.uasset" 2759
"D:/Unreal-Projects/ObservationDuty/Content/StorePropsCollection/StaticMeshes/GroceryPack/StaticMeshes/SM_Tea2.uexp" 2760
"D:/Unreal-Projects/ObservationDuty/Content/StorePropsCollection/StaticMeshes/GroceryPack/StaticMeshes/SM_Vegetables.ubulk" 2761
"D:/Unreal-Projects/ObservationDuty/Content/StorePropsCollection/StaticMeshes/GroceryPack/StaticMeshes/SM_Vegetables.uasset" 2762
"D:/Unreal-Projects/ObservationDuty/Content/StorePropsCollection/StaticMeshes/GroceryPack/StaticMeshes/SM_Vegetables.uexp" 2763
"D:/Unreal-Projects/ObservationDuty/Content/StorePropsCollection/StaticMeshes/GroceryPack/StaticMeshes/SM_Water.ubulk" 2764
"D:/Unreal-Projects/ObservationDuty/Content/StorePropsCollection/StaticMeshes/GroceryPack/StaticMeshes/SM_Water.uasset" 2765
"D:/Unreal-Projects/ObservationDuty/Content/StorePropsCollection/StaticMeshes/GroceryPack/StaticMeshes/SM_Water.uexp" 2766
"D:/Unreal-Projects/ObservationDuty/Content/StorePropsCollection/StaticMeshes/GroceryPack/StaticMeshes/SM_Wine.ubulk" 2767
"D:/Unreal-Projects/ObservationDuty/Content/StorePropsCollection/StaticMeshes/GroceryPack/StaticMeshes/SM_Wine.uasset" 2768
"D:/Unreal-Projects/ObservationDuty/Content/StorePropsCollection/StaticMeshes/GroceryPack/StaticMeshes/SM_Wine.uexp" 2769
"D:/Unreal-Projects/ObservationDuty/Content/StorePropsCollection/StaticMeshes/GroceryPack/StaticMeshes/SM_Yogurt.ubulk" 2770
"D:/Unreal-Projects/ObservationDuty/Content/StorePropsCollection/StaticMeshes/GroceryPack/StaticMeshes/SM_Yogurt.uasset" 2771
"D:/Unreal-Projects/ObservationDuty/Content/StorePropsCollection/StaticMeshes/GroceryPack/StaticMeshes/SM_Yogurt.uexp" 2772
"D:/Unreal-Projects/ObservationDuty/Content/Models/StoreMap/Entrence/Doors/Textures/WindowLeft_BaseColor.ubulk" 2773
"D:/Unreal-Projects/ObservationDuty/Content/Models/StoreMap/Entrence/Doors/Textures/WindowLeft_BaseColor.uasset" 2774
"D:/Unreal-Projects/ObservationDuty/Content/Models/StoreMap/Entrence/Doors/Textures/WindowLeft_BaseColor.uexp" 2775
"D:/Unreal-Projects/ObservationDuty/Content/Models/StoreMap/Entrence/Doors/Textures/WindowLeft_Emission.ubulk" 2776
"D:/Unreal-Projects/ObservationDuty/Content/Models/StoreMap/Entrence/Doors/Textures/WindowLeft_Emission.uasset" 2777
"D:/Unreal-Projects/ObservationDuty/Content/Models/StoreMap/Entrence/Doors/Textures/WindowLeft_Emission.uexp" 2778
"D:/Unreal-Projects/ObservationDuty/Content/Models/StoreMap/Entrence/Doors/Textures/WindowLeft_Normal.ubulk" 2779
"D:/Unreal-Projects/ObservationDuty/Content/Models/StoreMap/Entrence/Doors/Textures/WindowLeft_Normal.uasset" 2780
"D:/Unreal-Projects/ObservationDuty/Content/Models/StoreMap/Entrence/Doors/Textures/WindowLeft_Normal.uexp" 2781
"D:/Unreal-Projects/ObservationDuty/Content/Models/StoreMap/Entrence/Doors/Textures/WindowLeft_Roughness.ubulk" 2782
"D:/Unreal-Projects/ObservationDuty/Content/Models/StoreMap/Entrence/Doors/Textures/WindowLeft_Roughness.uasset" 2783
"D:/Unreal-Projects/ObservationDuty/Content/Models/StoreMap/Entrence/Doors/Textures/WindowLeft_Roughness.uexp" 2784
"D:/Unreal-Projects/ObservationDuty/Content/Models/StoreMap/Entrence/Doors/WindowLeft.uasset" 2785
"D:/Unreal-Projects/ObservationDuty/Content/Models/StoreMap/Entrence/Doors/WindowLeft.uexp" 2786
"D:/Unreal-Projects/ObservationDuty/Content/Models/StoreMap/Entrence/Doors/Models/Cube_001.ubulk" 2787
"D:/Unreal-Projects/ObservationDuty/Content/Models/StoreMap/Entrence/Doors/Models/Cube_001.uasset" 2788
"D:/Unreal-Projects/ObservationDuty/Content/Models/StoreMap/Entrence/Doors/Models/Cube_001.uexp" 2789
"D:/Unreal-Projects/ObservationDuty/Content/Models/StoreMap/Entrence/Doors/Textures/WindowRight_BaseColor.ubulk" 2790
"D:/Unreal-Projects/ObservationDuty/Content/Models/StoreMap/Entrence/Doors/Textures/WindowRight_BaseColor.uasset" 2791
"D:/Unreal-Projects/ObservationDuty/Content/Models/StoreMap/Entrence/Doors/Textures/WindowRight_BaseColor.uexp" 2792
"D:/Unreal-Projects/ObservationDuty/Content/Models/StoreMap/Entrence/Doors/Textures/WindowRight_Emission.ubulk" 2793
"D:/Unreal-Projects/ObservationDuty/Content/Models/StoreMap/Entrence/Doors/Textures/WindowRight_Emission.uasset" 2794
"D:/Unreal-Projects/ObservationDuty/Content/Models/StoreMap/Entrence/Doors/Textures/WindowRight_Emission.uexp" 2795
"D:/Unreal-Projects/ObservationDuty/Content/Models/StoreMap/Entrence/Doors/Textures/WindowRight_Normal.ubulk" 2796
"D:/Unreal-Projects/ObservationDuty/Content/Models/StoreMap/Entrence/Doors/Textures/WindowRight_Normal.uasset" 2797
"D:/Unreal-Projects/ObservationDuty/Content/Models/StoreMap/Entrence/Doors/Textures/WindowRight_Normal.uexp" 2798
"D:/Unreal-Projects/ObservationDuty/Content/Models/StoreMap/Entrence/Doors/Textures/WindowRight_Roughness.ubulk" 2799
"D:/Unreal-Projects/ObservationDuty/Content/Models/StoreMap/Entrence/Doors/Textures/WindowRight_Roughness.uasset" 2800
"D:/Unreal-Projects/ObservationDuty/Content/Models/StoreMap/Entrence/Doors/Textures/WindowRight_Roughness.uexp" 2801
"D:/Unreal-Projects/ObservationDuty/Content/Models/StoreMap/Entrence/Doors/WindowRight.uasset" 2802
"D:/Unreal-Projects/ObservationDuty/Content/Models/StoreMap/Entrence/Doors/WindowRight.uexp" 2803
"D:/Unreal-Projects/ObservationDuty/Content/Models/StoreMap/Entrence/Doors/Models/Cube_002.ubulk" 2804
"D:/Unreal-Projects/ObservationDuty/Content/Models/StoreMap/Entrence/Doors/Models/Cube_002.uasset" 2805
"D:/Unreal-Projects/ObservationDuty/Content/Models/StoreMap/Entrence/Doors/Models/Cube_002.uexp" 2806
"D:/Unreal-Projects/ObservationDuty/Content/Models/StoreMap/Entrence/Doors/Textures/SlidingDoorLeft_BaseColor.ubulk" 2807
"D:/Unreal-Projects/ObservationDuty/Content/Models/StoreMap/Entrence/Doors/Textures/SlidingDoorLeft_BaseColor.uasset" 2808
"D:/Unreal-Projects/ObservationDuty/Content/Models/StoreMap/Entrence/Doors/Textures/SlidingDoorLeft_BaseColor.uexp" 2809
"D:/Unreal-Projects/ObservationDuty/Content/Models/StoreMap/Entrence/Doors/Textures/SlidingDoorLeft_Emission.ubulk" 2810
"D:/Unreal-Projects/ObservationDuty/Content/Models/StoreMap/Entrence/Doors/Textures/SlidingDoorLeft_Emission.uasset" 2811
"D:/Unreal-Projects/ObservationDuty/Content/Models/StoreMap/Entrence/Doors/Textures/SlidingDoorLeft_Emission.uexp" 2812
"D:/Unreal-Projects/ObservationDuty/Content/Models/StoreMap/Entrence/Doors/Textures/SlidingDoorLeft_Normal.ubulk" 2813
"D:/Unreal-Projects/ObservationDuty/Content/Models/StoreMap/Entrence/Doors/Textures/SlidingDoorLeft_Normal.uasset" 2814
"D:/Unreal-Projects/ObservationDuty/Content/Models/StoreMap/Entrence/Doors/Textures/SlidingDoorLeft_Normal.uexp" 2815
"D:/Unreal-Projects/ObservationDuty/Content/Models/StoreMap/Entrence/Doors/Textures/SlidingDoorLeft_Roughness.ubulk" 2816
"D:/Unreal-Projects/ObservationDuty/Content/Models/StoreMap/Entrence/Doors/Textures/SlidingDoorLeft_Roughness.uasset" 2817
"D:/Unreal-Projects/ObservationDuty/Content/Models/StoreMap/Entrence/Doors/Textures/SlidingDoorLeft_Roughness.uexp" 2818
"D:/Unreal-Projects/ObservationDuty/Content/Models/StoreMap/Entrence/Doors/SlidingDoorLeft.uasset" 2819
"D:/Unreal-Projects/ObservationDuty/Content/Models/StoreMap/Entrence/Doors/SlidingDoorLeft.uexp" 2820
"D:/Unreal-Projects/ObservationDuty/Content/Models/StoreMap/Entrence/Doors/Models/Cube_003.ubulk" 2821
"D:/Unreal-Projects/ObservationDuty/Content/Models/StoreMap/Entrence/Doors/Models/Cube_003.uasset" 2822
"D:/Unreal-Projects/ObservationDuty/Content/Models/StoreMap/Entrence/Doors/Models/Cube_003.uexp" 2823
"D:/Unreal-Projects/ObservationDuty/Content/Models/StoreMap/Entrence/Doors/Textures/SlidingDoorRight_BaseColor.ubulk" 2824
"D:/Unreal-Projects/ObservationDuty/Content/Models/StoreMap/Entrence/Doors/Textures/SlidingDoorRight_BaseColor.uasset" 2825
"D:/Unreal-Projects/ObservationDuty/Content/Models/StoreMap/Entrence/Doors/Textures/SlidingDoorRight_BaseColor.uexp" 2826
"D:/Unreal-Projects/ObservationDuty/Content/Models/StoreMap/Entrence/Doors/Textures/SlidingDoorRight_Emission.ubulk" 2827
"D:/Unreal-Projects/ObservationDuty/Content/Models/StoreMap/Entrence/Doors/Textures/SlidingDoorRight_Emission.uasset" 2828
"D:/Unreal-Projects/ObservationDuty/Content/Models/StoreMap/Entrence/Doors/Textures/SlidingDoorRight_Emission.uexp" 2829
"D:/Unreal-Projects/ObservationDuty/Content/Models/StoreMap/Entrence/Doors/Textures/SlidingDoorRight_Normal.ubulk" 2830
"D:/Unreal-Projects/ObservationDuty/Content/Models/StoreMap/Entrence/Doors/Textures/SlidingDoorRight_Normal.uasset" 2831
"D:/Unreal-Projects/ObservationDuty/Content/Models/StoreMap/Entrence/Doors/Textures/SlidingDoorRight_Normal.uexp" 2832
"D:/Unreal-Projects/ObservationDuty/Content/Models/StoreMap/Entrence/Doors/Textures/SlidingDoorRight_Roughness.ubulk" 2833
"D:/Unreal-Projects/ObservationDuty/Content/Models/StoreMap/Entrence/Doors/Textures/SlidingDoorRight_Roughness.uasset" 2834
"D:/Unreal-Projects/ObservationDuty/Content/Models/StoreMap/Entrence/Doors/Textures/SlidingDoorRight_Roughness.uexp" 2835
"D:/Unreal-Projects/ObservationDuty/Content/Models/StoreMap/Entrence/Doors/SlidingDoorRight_001.uasset" 2836
"D:/Unreal-Projects/ObservationDuty/Content/Models/StoreMap/Entrence/Doors/SlidingDoorRight_001.uexp" 2837
"D:/Unreal-Projects/ObservationDuty/Content/Models/StoreMap/Entrence/Doors/Models/Cube_004.ubulk" 2838
"D:/Unreal-Projects/ObservationDuty/Content/Models/StoreMap/Entrence/Doors/Models/Cube_004.uasset" 2839
"D:/Unreal-Projects/ObservationDuty/Content/Models/StoreMap/Entrence/Doors/Models/Cube_004.uexp" 2840
"D:/Unreal-Projects/ObservationDuty/Content/Models/StoreMap/Entrence/Doors/SlidingDoorRight.uasset" 2841
"D:/Unreal-Projects/ObservationDuty/Content/Models/StoreMap/Entrence/Doors/SlidingDoorRight.uexp" 2842
"D:/Unreal-Projects/ObservationDuty/Content/Models/StoreMap/Entrence/Doors/Models/Cube_005.ubulk" 2843
"D:/Unreal-Projects/ObservationDuty/Content/Models/StoreMap/Entrence/Doors/Models/Cube_005.uasset" 2844
"D:/Unreal-Projects/ObservationDuty/Content/Models/StoreMap/Entrence/Doors/Models/Cube_005.uexp" 2845
"D:/Unreal-Projects/ObservationDuty/Content/Models/StoreMap/Entrence/Doors/SlidingDoorLeft_001.uasset" 2846
"D:/Unreal-Projects/ObservationDuty/Content/Models/StoreMap/Entrence/Doors/SlidingDoorLeft_001.uexp" 2847
"D:/Unreal-Projects/ObservationDuty/Content/Models/StoreMap/Entrence/Doors/Models/Cube_006.ubulk" 2848
"D:/Unreal-Projects/ObservationDuty/Content/Models/StoreMap/Entrence/Doors/Models/Cube_006.uasset" 2849
"D:/Unreal-Projects/ObservationDuty/Content/Models/StoreMap/Entrence/Doors/Models/Cube_006.uexp" 2850
"D:/Unreal-Projects/ObservationDuty/Content/Models/StoreMap/Entrence/Doors/WindowRight_001.uasset" 2851
"D:/Unreal-Projects/ObservationDuty/Content/Models/StoreMap/Entrence/Doors/WindowRight_001.uexp" 2852
"D:/Unreal-Projects/ObservationDuty/Content/Models/StoreMap/Entrence/Doors/Models/Cube_007.ubulk" 2853
"D:/Unreal-Projects/ObservationDuty/Content/Models/StoreMap/Entrence/Doors/Models/Cube_007.uasset" 2854
"D:/Unreal-Projects/ObservationDuty/Content/Models/StoreMap/Entrence/Doors/Models/Cube_007.uexp" 2855
"D:/Unreal-Projects/ObservationDuty/Content/Models/StoreMap/Entrence/Doors/WindowLeft_001.uasset" 2856
"D:/Unreal-Projects/ObservationDuty/Content/Models/StoreMap/Entrence/Doors/WindowLeft_001.uexp" 2857
"D:/Unreal-Projects/ObservationDuty/Content/Models/StoreMap/Entrence/Doors/Models/Cube_008.ubulk" 2858
"D:/Unreal-Projects/ObservationDuty/Content/Models/StoreMap/Entrence/Doors/Models/Cube_008.uasset" 2859
"D:/Unreal-Projects/ObservationDuty/Content/Models/StoreMap/Entrence/Doors/Models/Cube_008.uexp" 2860
"D:/Unreal-Projects/ObservationDuty/Content/Models/StoreMap/Entrence/Doors/DoorEdge.uasset" 2861
"D:/Unreal-Projects/ObservationDuty/Content/Models/StoreMap/Entrence/Doors/DoorEdge.uexp" 2862
"D:/Unreal-Projects/ObservationDuty/Content/Models/StoreMap/Entrence/Doors/Models/Cube_010.ubulk" 2863
"D:/Unreal-Projects/ObservationDuty/Content/Models/StoreMap/Entrence/Doors/Models/Cube_010.uasset" 2864
"D:/Unreal-Projects/ObservationDuty/Content/Models/StoreMap/Entrence/Doors/Models/Cube_010.uexp" 2865
"D:/Unreal-Projects/ObservationDuty/Content/Models/StoreMap/Entrence/Doors/Models/Cube_012.ubulk" 2866
"D:/Unreal-Projects/ObservationDuty/Content/Models/StoreMap/Entrence/Doors/Models/Cube_012.uasset" 2867
"D:/Unreal-Projects/ObservationDuty/Content/Models/StoreMap/Entrence/Doors/Models/Cube_012.uexp" 2868
"D:/Unreal-Projects/ObservationDuty/Content/Models/StoreMap/Entrence/Doors/Models/DoorPole1.ubulk" 2869
"D:/Unreal-Projects/ObservationDuty/Content/Models/StoreMap/Entrence/Doors/Models/DoorPole1.uasset" 2870
"D:/Unreal-Projects/ObservationDuty/Content/Models/StoreMap/Entrence/Doors/Models/DoorPole1.uexp" 2871
"D:/Unreal-Projects/ObservationDuty/Content/Models/StoreMap/Entrence/Doors/Models/DoorPole_001.ubulk" 2872
"D:/Unreal-Projects/ObservationDuty/Content/Models/StoreMap/Entrence/Doors/Models/DoorPole_001.uasset" 2873
"D:/Unreal-Projects/ObservationDuty/Content/Models/StoreMap/Entrence/Doors/Models/DoorPole_001.uexp" 2874
"D:/Unreal-Projects/ObservationDuty/Content/Models/StoreMap/Entrence/Doors/Models/DoorPole_002.ubulk" 2875
"D:/Unreal-Projects/ObservationDuty/Content/Models/StoreMap/Entrence/Doors/Models/DoorPole_002.uasset" 2876
"D:/Unreal-Projects/ObservationDuty/Content/Models/StoreMap/Entrence/Doors/Models/DoorPole_002.uexp" 2877
"D:/Unreal-Projects/ObservationDuty/Content/Models/StoreMap/Entrence/Doors/Models/DoorPole_003.ubulk" 2878
"D:/Unreal-Projects/ObservationDuty/Content/Models/StoreMap/Entrence/Doors/Models/DoorPole_003.uasset" 2879
"D:/Unreal-Projects/ObservationDuty/Content/Models/StoreMap/Entrence/Doors/Models/DoorPole_003.uexp" 2880
"D:/Unreal-Projects/ObservationDuty/Content/Models/StoreMap/Entrence/Doors/Models/EntrenceDoorLeft.ubulk" 2881
"D:/Unreal-Projects/ObservationDuty/Content/Models/StoreMap/Entrence/Doors/Models/EntrenceDoorLeft.uasset" 2882
"D:/Unreal-Projects/ObservationDuty/Content/Models/StoreMap/Entrence/Doors/Models/EntrenceDoorLeft.uexp" 2883
"D:/Unreal-Projects/ObservationDuty/Content/Models/StoreMap/Entrence/Doors/Models/EntrenceDoorLeft_001.ubulk" 2884
"D:/Unreal-Projects/ObservationDuty/Content/Models/StoreMap/Entrence/Doors/Models/EntrenceDoorLeft_001.uasset" 2885
"D:/Unreal-Projects/ObservationDuty/Content/Models/StoreMap/Entrence/Doors/Models/EntrenceDoorLeft_001.uexp" 2886
"D:/Unreal-Projects/ObservationDuty/Content/Models/StoreMap/Entrence/Doors/Models/EntrenceDoorRight.ubulk" 2887
"D:/Unreal-Projects/ObservationDuty/Content/Models/StoreMap/Entrence/Doors/Models/EntrenceDoorRight.uasset" 2888
"D:/Unreal-Projects/ObservationDuty/Content/Models/StoreMap/Entrence/Doors/Models/EntrenceDoorRight.uexp" 2889
"D:/Unreal-Projects/ObservationDuty/Content/Models/StoreMap/Entrence/Doors/Models/EntrenceDoorRight_001.ubulk" 2890
"D:/Unreal-Projects/ObservationDuty/Content/Models/StoreMap/Entrence/Doors/Models/EntrenceDoorRight_001.uasset" 2891
"D:/Unreal-Projects/ObservationDuty/Content/Models/StoreMap/Entrence/Doors/Models/EntrenceDoorRight_001.uexp" 2892
"D:/Unreal-Projects/ObservationDuty/Content/Models/StoreMap/Entrence/Doors/Models/LeftDoorWindow1.ubulk" 2893
"D:/Unreal-Projects/ObservationDuty/Content/Models/StoreMap/Entrence/Doors/Models/LeftDoorWindow1.uasset" 2894
"D:/Unreal-Projects/ObservationDuty/Content/Models/StoreMap/Entrence/Doors/Models/LeftDoorWindow1.uexp" 2895
"D:/Unreal-Projects/ObservationDuty/Content/Models/StoreMap/Entrence/Doors/Models/LeftDoorWindow_0011.ubulk" 2896
"D:/Unreal-Projects/ObservationDuty/Content/Models/StoreMap/Entrence/Doors/Models/LeftDoorWindow_0011.uasset" 2897
"D:/Unreal-Projects/ObservationDuty/Content/Models/StoreMap/Entrence/Doors/Models/LeftDoorWindow_0011.uexp" 2898
"D:/Unreal-Projects/ObservationDuty/Content/Models/StoreMap/Entrence/Doors/Models/LeftSlidingDoorWindowGlass1.ubulk" 2899
"D:/Unreal-Projects/ObservationDuty/Content/Models/StoreMap/Entrence/Doors/Models/LeftSlidingDoorWindowGlass1.uasset" 2900
"D:/Unreal-Projects/ObservationDuty/Content/Models/StoreMap/Entrence/Doors/Models/LeftSlidingDoorWindowGlass1.uexp" 2901
"D:/Unreal-Projects/ObservationDuty/Content/Models/StoreMap/Entrence/Doors/Textures/TopWindowLeft_BaseColor.ubulk" 2902
"D:/Unreal-Projects/ObservationDuty/Content/Models/StoreMap/Entrence/Doors/Textures/TopWindowLeft_BaseColor.uasset" 2903
"D:/Unreal-Projects/ObservationDuty/Content/Models/StoreMap/Entrence/Doors/Textures/TopWindowLeft_BaseColor.uexp" 2904
"D:/Unreal-Projects/ObservationDuty/Content/Models/StoreMap/Entrence/Doors/Textures/TopWindowLeft_Emission.ubulk" 2905
"D:/Unreal-Projects/ObservationDuty/Content/Models/StoreMap/Entrence/Doors/Textures/TopWindowLeft_Emission.uasset" 2906
"D:/Unreal-Projects/ObservationDuty/Content/Models/StoreMap/Entrence/Doors/Textures/TopWindowLeft_Emission.uexp" 2907
"D:/Unreal-Projects/ObservationDuty/Content/Models/StoreMap/Entrence/Doors/Textures/TopWindowLeft_Normal.ubulk" 2908
"D:/Unreal-Projects/ObservationDuty/Content/Models/StoreMap/Entrence/Doors/Textures/TopWindowLeft_Normal.uasset" 2909
"D:/Unreal-Projects/ObservationDuty/Content/Models/StoreMap/Entrence/Doors/Textures/TopWindowLeft_Normal.uexp" 2910
"D:/Unreal-Projects/ObservationDuty/Content/Models/StoreMap/Entrence/Doors/Textures/TopWindowLeft_Roughness.ubulk" 2911
"D:/Unreal-Projects/ObservationDuty/Content/Models/StoreMap/Entrence/Doors/Textures/TopWindowLeft_Roughness.uasset" 2912
"D:/Unreal-Projects/ObservationDuty/Content/Models/StoreMap/Entrence/Doors/Textures/TopWindowLeft_Roughness.uexp" 2913
"D:/Unreal-Projects/ObservationDuty/Content/Models/StoreMap/Entrence/Doors/TopWindowLeft.uasset" 2914
"D:/Unreal-Projects/ObservationDuty/Content/Models/StoreMap/Entrence/Doors/TopWindowLeft.uexp" 2915
"D:/Unreal-Projects/ObservationDuty/Content/Models/StoreMap/Entrence/Doors/Models/LeftSlidingDoorWindow_001.ubulk" 2916
"D:/Unreal-Projects/ObservationDuty/Content/Models/StoreMap/Entrence/Doors/Models/LeftSlidingDoorWindow_001.uasset" 2917
"D:/Unreal-Projects/ObservationDuty/Content/Models/StoreMap/Entrence/Doors/Models/LeftSlidingDoorWindow_001.uexp" 2918
"D:/Unreal-Projects/ObservationDuty/Content/Models/StoreMap/Entrence/Doors/Models/LeftWindow.ubulk" 2919
"D:/Unreal-Projects/ObservationDuty/Content/Models/StoreMap/Entrence/Doors/Models/LeftWindow.uasset" 2920
"D:/Unreal-Projects/ObservationDuty/Content/Models/StoreMap/Entrence/Doors/Models/LeftWindow.uexp" 2921
"D:/Unreal-Projects/ObservationDuty/Content/Models/StoreMap/Entrence/Doors/Models/LeftWindowGlass1.ubulk" 2922
"D:/Unreal-Projects/ObservationDuty/Content/Models/StoreMap/Entrence/Doors/Models/LeftWindowGlass1.uasset" 2923
"D:/Unreal-Projects/ObservationDuty/Content/Models/StoreMap/Entrence/Doors/Models/LeftWindowGlass1.uexp" 2924
"D:/Unreal-Projects/ObservationDuty/Content/Models/StoreMap/Entrence/Doors/Models/LeftWindowGlass_0011.ubulk" 2925
"D:/Unreal-Projects/ObservationDuty/Content/Models/StoreMap/Entrence/Doors/Models/LeftWindowGlass_0011.uasset" 2926
"D:/Unreal-Projects/ObservationDuty/Content/Models/StoreMap/Entrence/Doors/Models/LeftWindowGlass_0011.uexp" 2927
"D:/Unreal-Projects/ObservationDuty/Content/Models/StoreMap/Entrence/Doors/Models/LeftWindow_001.ubulk" 2928
"D:/Unreal-Projects/ObservationDuty/Content/Models/StoreMap/Entrence/Doors/Models/LeftWindow_001.uasset" 2929
"D:/Unreal-Projects/ObservationDuty/Content/Models/StoreMap/Entrence/Doors/Models/LeftWindow_001.uexp" 2930
"D:/Unreal-Projects/ObservationDuty/Content/Models/StoreMap/Entrence/Doors/Textures/MiddleDoorsPoie_BaseColor.ubulk" 2931
"D:/Unreal-Projects/ObservationDuty/Content/Models/StoreMap/Entrence/Doors/Textures/MiddleDoorsPoie_BaseColor.uasset" 2932
"D:/Unreal-Projects/ObservationDuty/Content/Models/StoreMap/Entrence/Doors/Textures/MiddleDoorsPoie_BaseColor.uexp" 2933
"D:/Unreal-Projects/ObservationDuty/Content/Models/StoreMap/Entrence/Doors/Textures/MiddleDoorsPoie_Emission.ubulk" 2934
"D:/Unreal-Projects/ObservationDuty/Content/Models/StoreMap/Entrence/Doors/Textures/MiddleDoorsPoie_Emission.uasset" 2935
"D:/Unreal-Projects/ObservationDuty/Content/Models/StoreMap/Entrence/Doors/Textures/MiddleDoorsPoie_Emission.uexp" 2936
"D:/Unreal-Projects/ObservationDuty/Content/Models/StoreMap/Entrence/Doors/Textures/MiddleDoorsPoie_Normal.ubulk" 2937
"D:/Unreal-Projects/ObservationDuty/Content/Models/StoreMap/Entrence/Doors/Textures/MiddleDoorsPoie_Normal.uasset" 2938
"D:/Unreal-Projects/ObservationDuty/Content/Models/StoreMap/Entrence/Doors/Textures/MiddleDoorsPoie_Normal.uexp" 2939
"D:/Unreal-Projects/ObservationDuty/Content/Models/StoreMap/Entrence/Doors/Textures/MiddleDoorsPoie_Roughness.ubulk" 2940
"D:/Unreal-Projects/ObservationDuty/Content/Models/StoreMap/Entrence/Doors/Textures/MiddleDoorsPoie_Roughness.uasset" 2941
"D:/Unreal-Projects/ObservationDuty/Content/Models/StoreMap/Entrence/Doors/Textures/MiddleDoorsPoie_Roughness.uexp" 2942
"D:/Unreal-Projects/ObservationDuty/Content/Models/StoreMap/Entrence/Doors/MiddleDoorsPoie.uasset" 2943
"D:/Unreal-Projects/ObservationDuty/Content/Models/StoreMap/Entrence/Doors/MiddleDoorsPoie.uexp" 2944
"D:/Unreal-Projects/ObservationDuty/Content/Models/StoreMap/Entrence/Doors/Models/MiddlePole.ubulk" 2945
"D:/Unreal-Projects/ObservationDuty/Content/Models/StoreMap/Entrence/Doors/Models/MiddlePole.uasset" 2946
"D:/Unreal-Projects/ObservationDuty/Content/Models/StoreMap/Entrence/Doors/Models/MiddlePole.uexp" 2947
"D:/Unreal-Projects/ObservationDuty/Content/Models/StoreMap/Entrence/Doors/Models/RightDoorWindow1.ubulk" 2948
"D:/Unreal-Projects/ObservationDuty/Content/Models/StoreMap/Entrence/Doors/Models/RightDoorWindow1.uasset" 2949
"D:/Unreal-Projects/ObservationDuty/Content/Models/StoreMap/Entrence/Doors/Models/RightDoorWindow1.uexp" 2950
"D:/Unreal-Projects/ObservationDuty/Content/Models/StoreMap/Entrence/Doors/Models/RightDoorWindow_0011.ubulk" 2951
"D:/Unreal-Projects/ObservationDuty/Content/Models/StoreMap/Entrence/Doors/Models/RightDoorWindow_0011.uasset" 2952
"D:/Unreal-Projects/ObservationDuty/Content/Models/StoreMap/Entrence/Doors/Models/RightDoorWindow_0011.uexp" 2953
"D:/Unreal-Projects/ObservationDuty/Content/Models/StoreMap/Entrence/Doors/Textures/TopWindowRight_BaseColor.ubulk" 2954
"D:/Unreal-Projects/ObservationDuty/Content/Models/StoreMap/Entrence/Doors/Textures/TopWindowRight_BaseColor.uasset" 2955
"D:/Unreal-Projects/ObservationDuty/Content/Models/StoreMap/Entrence/Doors/Textures/TopWindowRight_BaseColor.uexp" 2956
"D:/Unreal-Projects/ObservationDuty/Content/Models/StoreMap/Entrence/Doors/Textures/TopWindowRight_Emission.ubulk" 2957
"D:/Unreal-Projects/ObservationDuty/Content/Models/StoreMap/Entrence/Doors/Textures/TopWindowRight_Emission.uasset" 2958
"D:/Unreal-Projects/ObservationDuty/Content/Models/StoreMap/Entrence/Doors/Textures/TopWindowRight_Emission.uexp" 2959
"D:/Unreal-Projects/ObservationDuty/Content/Models/StoreMap/Entrence/Doors/Textures/TopWindowRight_Normal.ubulk" 2960
"D:/Unreal-Projects/ObservationDuty/Content/Models/StoreMap/Entrence/Doors/Textures/TopWindowRight_Normal.uasset" 2961
"D:/Unreal-Projects/ObservationDuty/Content/Models/StoreMap/Entrence/Doors/Textures/TopWindowRight_Normal.uexp" 2962
"D:/Unreal-Projects/ObservationDuty/Content/Models/StoreMap/Entrence/Doors/Textures/TopWindowRight_Roughness.ubulk" 2963
"D:/Unreal-Projects/ObservationDuty/Content/Models/StoreMap/Entrence/Doors/Textures/TopWindowRight_Roughness.uasset" 2964
"D:/Unreal-Projects/ObservationDuty/Content/Models/StoreMap/Entrence/Doors/Textures/TopWindowRight_Roughness.uexp" 2965
"D:/Unreal-Projects/ObservationDuty/Content/Models/StoreMap/Entrence/Doors/TopWindowRight.uasset" 2966
"D:/Unreal-Projects/ObservationDuty/Content/Models/StoreMap/Entrence/Doors/TopWindowRight.uexp" 2967
"D:/Unreal-Projects/ObservationDuty/Content/Models/StoreMap/Entrence/Doors/Models/RightSlidingDoorWindow.ubulk" 2968
"D:/Unreal-Projects/ObservationDuty/Content/Models/StoreMap/Entrence/Doors/Models/RightSlidingDoorWindow.uasset" 2969
"D:/Unreal-Projects/ObservationDuty/Content/Models/StoreMap/Entrence/Doors/Models/RightSlidingDoorWindow.uexp" 2970
"D:/Unreal-Projects/ObservationDuty/Content/Models/StoreMap/Entrence/Doors/Models/RightSlidingDoorWindowGlass1.ubulk" 2971
"D:/Unreal-Projects/ObservationDuty/Content/Models/StoreMap/Entrence/Doors/Models/RightSlidingDoorWindowGlass1.uasset" 2972
"D:/Unreal-Projects/ObservationDuty/Content/Models/StoreMap/Entrence/Doors/Models/RightSlidingDoorWindowGlass1.uexp" 2973
"D:/Unreal-Projects/ObservationDuty/Content/Models/StoreMap/Entrence/Doors/Models/RightWindow.ubulk" 2974
"D:/Unreal-Projects/ObservationDuty/Content/Models/StoreMap/Entrence/Doors/Models/RightWindow.uasset" 2975
"D:/Unreal-Projects/ObservationDuty/Content/Models/StoreMap/Entrence/Doors/Models/RightWindow.uexp" 2976
"D:/Unreal-Projects/ObservationDuty/Content/Models/StoreMap/Entrence/Doors/Models/RightWindowGlass1.ubulk" 2977
"D:/Unreal-Projects/ObservationDuty/Content/Models/StoreMap/Entrence/Doors/Models/RightWindowGlass1.uasset" 2978
"D:/Unreal-Projects/ObservationDuty/Content/Models/StoreMap/Entrence/Doors/Models/RightWindowGlass1.uexp" 2979
"D:/Unreal-Projects/ObservationDuty/Content/Models/StoreMap/Entrence/Doors/Models/RightWindowGlass_0011.ubulk" 2980
"D:/Unreal-Projects/ObservationDuty/Content/Models/StoreMap/Entrence/Doors/Models/RightWindowGlass_0011.uasset" 2981
"D:/Unreal-Projects/ObservationDuty/Content/Models/StoreMap/Entrence/Doors/Models/RightWindowGlass_0011.uexp" 2982
"D:/Unreal-Projects/ObservationDuty/Content/Models/StoreMap/Entrence/Doors/Models/RightWindow_001.ubulk" 2983
"D:/Unreal-Projects/ObservationDuty/Content/Models/StoreMap/Entrence/Doors/Models/RightWindow_001.uasset" 2984
"D:/Unreal-Projects/ObservationDuty/Content/Models/StoreMap/Entrence/Doors/Models/RightWindow_001.uexp" 2985
"D:/Unreal-Projects/ObservationDuty/Content/Map/Main.uexp" 2986
"D:/Unreal-Projects/ObservationDuty/Content/Map/Main.umap" 2987
"D:/Unreal-Projects/ObservationDuty/Content/Materials/Asphalt/Asphalt031_4K-JPG_AmbientOcclusion.ubulk" 2988
"D:/Unreal-Projects/ObservationDuty/Content/Materials/Asphalt/Asphalt031_4K-JPG_AmbientOcclusion.uasset" 2989
"D:/Unreal-Projects/ObservationDuty/Content/Materials/Asphalt/Asphalt031_4K-JPG_AmbientOcclusion.uexp" 2990
"D:/Unreal-Projects/ObservationDuty/Content/Materials/Asphalt/Asphalt031_4K-JPG_Color.ubulk" 2991
"D:/Unreal-Projects/ObservationDuty/Content/Materials/Asphalt/Asphalt031_4K-JPG_Color.uasset" 2992
"D:/Unreal-Projects/ObservationDuty/Content/Materials/Asphalt/Asphalt031_4K-JPG_Color.uexp" 2993
"D:/Unreal-Projects/ObservationDuty/Content/Materials/Asphalt/Asphalt031_4K-JPG_NormalDX.ubulk" 2994
"D:/Unreal-Projects/ObservationDuty/Content/Materials/Asphalt/Asphalt031_4K-JPG_NormalDX.uasset" 2995
"D:/Unreal-Projects/ObservationDuty/Content/Materials/Asphalt/Asphalt031_4K-JPG_NormalDX.uexp" 2996
"D:/Unreal-Projects/ObservationDuty/Content/Materials/Asphalt/Asphalt031_4K-JPG_Roughness.ubulk" 2997
"D:/Unreal-Projects/ObservationDuty/Content/Materials/Asphalt/Asphalt031_4K-JPG_Roughness.uasset" 2998
"D:/Unreal-Projects/ObservationDuty/Content/Materials/Asphalt/Asphalt031_4K-JPG_Roughness.uexp" 2999
"D:/Unreal-Projects/ObservationDuty/Content/Materials/Asphalt/M_Asphalt.uasset" 3000
"D:/Unreal-Projects/ObservationDuty/Content/Materials/Asphalt/M_Asphalt.uexp" 3001
"D:/Unreal-Projects/ObservationDuty/Content/GB/MainMenuGeomBrush.ubulk" 3002
"D:/Unreal-Projects/ObservationDuty/Content/GB/MainMenuGeomBrush.uasset" 3003
"D:/Unreal-Projects/ObservationDuty/Content/GB/MainMenuGeomBrush.uexp" 3004
"D:/Unreal-Projects/ObservationDuty/Content/Blueprints/Gamemodes/GM_MainMenu.uasset" 3005
"D:/Unreal-Projects/ObservationDuty/Content/Blueprints/Gamemodes/GM_MainMenu.uexp" 3006
"D:/Unreal-Projects/ObservationDuty/Content/Map/MainMenu.uexp" 3007
"D:/Unreal-Projects/ObservationDuty/Content/Map/MainMenu.umap" 3008
